FIPS_Code,Prescription_Rate_2012
02013,–
02016,–
02020,75.3
02050,–
02060,–
02068,–
02070,–
02090,58.7
02100,–
02105,–
02110,90.9
02122,101.7
02130,112.7
02150,47.7
02164,–
02170,91.0
02180,–
02185,–
02188,–
02195,101.2
02198,10.7
02220,–
02230,–
02240,–
02261,60.9
02270,–
02275,–
02282,–
02290,–
01001,157.8
01003,156.4
01005,118.3
01007,69.2
01009,66.6
01011,40.8
01013,158.6
01015,185.6
01017,168.4
01019,165.3
01021,130.3
01023,125.8
01025,181.9
01027,144.6
01029,36.9
01031,168.8
01033,221.2
01035,172.7
01037,56.8
01039,202.5
01041,120.5
01043,191.4
01045,77.3
01047,118.6
01049,122.3
01051,137.8
01053,152.1
01055,191.1
01057,66.0
01059,246.0
01061,41.6
01063,32.9
01065,98.6
01067,37.5
01069,185.2
01071,140.7
01073,141.2
01075,50.6
01077,170.4
01079,129.3
01081,80.0
01083,76.5
01085,15.9
01087,62.3
01089,132.2
01091,141.5
01093,228.7
01095,240.4
01097,163.4
01099,130.4
01101,111.9
01103,161.6
01105,–
01107,126.4
01109,121.8
01111,137.9
01113,155.2
01115,117.5
01117,128.1
01119,51.6
01121,166.9
01123,110.1
01125,126.8
01127,335.1
01129,38.6
01131,50.0
01133,205.2
05001,90.1
05003,85.9
05005,159.9
05007,96.8
05009,168.7
05011,115.5
05013,111.8
05015,79.5
05017,60.6
05019,126.2
05021,70.0
05023,112.1
05025,–
05027,136.1
05029,107.4
05031,161.9
05033,184.6
05035,101.9
05037,116.1
05039,116.7
05041,129.7
05043,114.0
05045,106.4
05047,34.3
05049,111.2
05051,215.7
05053,28.2
05055,175.6
05057,154.6
05059,117.7
05061,167.0
05063,218.0
05065,108.0
05067,169.1
05069,91.3
05071,89.0
05073,–
05075,39.6
05077,–
05079,46.4
05081,119.5
05083,31.9
05085,121.0
05087,43.8
05089,69.7
05091,134.3
05093,113.7
05095,32.2
05097,112.2
05099,15.5
05101,–
05103,124.1
05105,99.3
05107,177.1
05109,–
05111,86.9
05113,83.3
05115,157.1
05117,119.3
05119,119.1
05121,108.2
05123,86.1
05125,106.4
05127,106.6
05129,118.6
05131,229.4
05133,27.7
05135,94.5
05137,76.7
05139,127.8
05141,85.1
05143,116.3
05145,133.0
05147,46.1
05149,30.5
04001,21.5
04003,87.4
04005,58.5
04007,135.8
04009,123.6
04011,–
04012,85.9
04013,83.6
04015,144.6
04017,76.1
04019,94.0
04021,66.2
04023,24.8
04025,116.2
04027,61.8
06001,43.0
06003,–
06005,139.0
06007,164.4
06009,100.2
06011,54.6
06013,59.6
06015,171.4
06017,79.6
06019,71.3
06021,83.2
06023,138.6
06025,56.2
06027,72.8
06029,68.3
06031,87.9
06033,176.4
06035,112.6
06037,41.8
06039,63.0
06041,51.9
06043,78.8
06045,137.2
06047,74.7
06049,138.8
06051,57.6
06053,68.7
06055,50.5
06057,110.0
06059,51.8
06061,75.2
06063,117.5
06065,56.9
06067,65.2
06069,46.2
06071,56.8
06073,49.1
06075,44.5
06077,70.4
06079,85.7
06081,40.3
06083,67.3
06085,32.3
06087,78.8
06089,163.6
06091,18.3
06093,121.3
06095,58.2
06097,72.3
06099,112.4
06101,139.5
06103,126.9
06105,126.7
06107,88.9
06109,181.9
06111,63.6
06113,65.4
06115,108.0
08001,61.9
08003,225.8
08005,66.5
08007,70.4
08009,99.9
08011,57.9
08013,59.9
08014,70.2
08015,116.4
08017,68.2
08019,41.2
08021,–
08023,–
08025,36.3
08027,–
08029,103.4
08031,50.4
08033,–
08035,58.5
08037,49.7
08039,34.8
08041,78.2
08043,85.5
08045,95.6
08047,–
08049,55.7
08051,59.5
08053,–
08055,117.3
08057,–
08059,86.4
08061,114.4
08063,–
08065,86.4
08067,79.7
08069,84.2
08071,121.4
08073,–
08075,101.1
08077,91.7
08079,–
08081,186.7
08083,97.4
08085,107.6
08087,96.7
08089,137.0
08091,46.4
08093,11.7
08095,33.8
08097,17.4
08099,99.4
08101,141.7
08103,40.2
08105,59.3
08107,81.5
08109,–
08111,–
08113,43.7
08115,79.4
08117,82.0
08119,122.2
08121,–
08123,75.6
08125,84.4
09001,54.5
09003,70.2
09005,73.9
09007,72.5
09009,79.4
09011,81.3
09013,55.4
09015,84.6
11001,40.3
10001,87.4
10003,85.4
10005,122.6
12001,78.2
12003,142.0
12005,124.2
12007,113.4
12009,98.6
12011,58.8
12013,71.3
12015,92.3
12017,110.4
12019,106.5
12021,66.3
12023,125.0
12027,59.5
12029,39.2
12031,99.0
12033,130.1
12035,89.3
12037,96.2
12039,65.9
12041,40.1
12043,5.3
12045,135.6
12047,45.0
12049,52.4
12051,78.2
12053,118.8
12055,78.7
12057,79.6
12059,108.0
12061,98.5
12063,120.7
12065,62.2
12067,61.1
12069,87.1
12071,74.8
12073,73.4
12075,129.4
12077,46.4
12079,81.8
12081,89.0
12083,91.1
12085,81.8
12086,34.6
12087,99.0
12089,123.1
12091,102.7
12093,117.0
12095,58.0
12097,74.3
12099,66.9
12101,102.5
12103,94.4
12105,79.0
12107,117.1
12109,69.1
12111,73.9
12113,125.5
12115,90.5
12117,67.4
12119,73.9
12121,90.3
12123,133.6
12125,67.9
12127,91.3
12129,97.7
12131,100.3
12133,169.9
13001,130.3
13003,75.9
13005,175.3
13007,–
13009,120.4
13011,60.2
13013,97.4
13015,120.5
13017,179.8
13019,95.8
13021,162.3
13023,153.3
13025,64.4
13027,116.0
13029,97.2
13031,88.3
13033,87.8
13035,94.9
13037,–
13039,83.7
13043,146.4
13045,139.8
13047,185.9
13049,95.0
13051,96.8
13053,–
13055,159.3
13057,77.2
13059,130.2
13061,108.8
13063,54.5
13065,143.2
13067,73.0
13069,176.9
13071,79.6
13073,93.2
13075,121.1
13077,94.5
13079,–
13081,174.7
13083,112.7
13085,170.1
13087,148.1
13089,49.4
13091,107.9
13093,–
13095,132.8
13097,104.7
13099,104.3
13101,–
13103,77.9
13105,136.8
13107,116.0
13109,169.2
13111,140.2
13113,86.1
13115,176.4
13117,65.5
13119,163.9
13121,54.1
13123,154.2
13125,–
13127,118.8
13129,154.5
13131,74.8
13133,133.4
13135,55.0
13137,127.4
13139,103.9
13141,53.7
13143,241.9
13145,7.7
13147,124.0
13149,–
13151,89.5
13153,114.6
13155,57.9
13157,120.9
13159,57.3
13161,115.0
13163,133.2
13165,36.0
13167,39.6
13169,48.3
13171,97.2
13173,–
13175,169.0
13177,49.7
13179,59.3
13181,–
13183,–
13185,120.7
13187,90.8
13189,170.8
13191,98.9
13193,60.0
13195,126.3
13197,–
13199,46.7
13201,140.1
13205,101.7
13207,64.6
13209,–
13211,63.3
13213,118.6
13215,110.0
13217,104.4
13219,64.6
13221,–
13223,69.4
13225,96.8
13227,148.1
13229,48.2
13231,–
13233,204.2
13235,99.5
13237,74.3
13239,–
13241,163.0
13243,183.1
13245,110.4
13247,85.6
13249,–
13251,44.2
13253,152.8
13255,164.2
13257,189.3
13259,68.8
13261,97.5
13263,–
13265,–
13267,61.7
13269,47.7
13271,52.5
13273,57.1
13275,110.8
13277,156.6
13279,189.3
13281,116.2
13283,–
13285,139.8
13287,79.3
13289,–
13291,171.6
13293,145.2
13295,47.1
13297,126.8
13299,215.0
13301,–
13303,102.0
13305,167.2
13307,–
13309,–
13311,94.4
13313,106.7
13315,–
13317,170.5
13319,–
13321,96.2
15001,85.8
15003,38.9
15005,–
15007,71.6
15009,69.7
19001,38.9
19003,–
19005,59.0
19007,123.4
19009,37.7
19011,4.3
19013,93.1
19015,65.0
19017,45.8
19019,36.1
19021,47.9
19023,38.6
19025,47.2
19027,121.4
19029,119.3
19031,20.5
19033,125.5
19035,63.4
19037,37.1
19039,92.3
19041,118.8
19043,37.0
19045,83.7
19047,64.2
19049,24.1
19051,58.1
19053,–
19055,55.1
19057,111.5
19059,86.1
19061,66.9
19063,51.5
19065,91.9
19067,102.8
19069,31.5
19071,72.2
19073,94.5
19075,8.9
19077,22.9
19079,67.3
19081,19.2
19083,61.6
19085,67.9
19087,78.8
19089,48.9
19091,55.4
19093,76.7
19095,21.4
19097,39.5
19099,80.7
19101,89.8
19103,43.1
19105,28.2
19107,17.8
19109,53.0
19111,132.1
19113,82.8
19115,26.9
19117,95.0
19119,24.4
19121,43.5
19123,73.4
19125,67.5
19127,91.9
19129,31.5
19131,35.0
19133,79.3
19135,105.7
19137,77.4
19139,75.0
19141,29.7
19143,29.0
19145,130.7
19147,56.5
19149,46.6
19151,64.9
19153,105.7
19155,104.4
19157,53.0
19159,66.8
19161,17.0
19163,87.5
19165,63.5
19167,29.8
19169,42.8
19171,22.7
19173,53.5
19175,145.8
19177,–
19179,120.7
19181,46.5
19183,45.0
19185,81.5
19187,98.5
19189,46.7
19191,40.2
19193,70.0
19195,–
19197,79.5
16001,87.0
16003,–
16005,116.1
16007,123.9
16009,94.3
16011,79.5
16013,50.0
16015,–
16017,105.1
16019,110.6
16021,82.6
16023,92.5
16025,–
16027,87.1
16029,113.9
16031,128.9
16033,–
16035,114.1
16037,40.2
16039,65.2
16041,88.9
16043,41.0
16045,119.4
16047,51.0
16049,71.0
16051,38.5
16053,84.6
16055,111.1
16057,76.5
16059,92.0
16061,227.0
16063,–
16065,56.6
16067,37.0
16069,148.7
16071,91.5
16073,31.1
16075,42.8
16077,35.1
16079,131.8
16081,69.6
16083,131.2
16085,109.6
16087,127.3
17001,136.8
17003,51.1
17005,75.1
17007,58.6
17009,–
17011,33.1
17013,–
17015,21.8
17017,53.7
17019,76.4
17021,107.1
17023,102.4
17025,98.6
17027,35.1
17029,122.7
17031,47.5
17033,30.5
17035,–
17037,62.3
17039,99.4
17041,14.1
17043,54.6
17045,129.2
17047,50.7
17049,127.3
17051,85.4
17053,–
17055,165.2
17057,80.9
17059,–
17061,9.3
17063,85.4
17065,–
17067,30.3
17069,253.2
17071,–
17073,64.5
17075,71.9
17077,135.0
17079,50.4
17081,138.0
17083,113.2
17085,48.2
17087,–
17089,48.0
17091,90.0
17093,64.5
17095,121.4
17097,60.9
17099,96.3
17101,115.0
17103,77.1
17105,90.3
17107,97.9
17109,82.4
17111,74.1
17113,67.9
17115,115.3
17117,48.6
17119,123.8
17121,136.0
17123,18.9
17125,76.7
17127,135.4
17129,–
17131,42.9
17133,89.1
17135,151.4
17137,128.5
17139,43.3
17141,27.4
17143,94.6
17145,121.2
17147,44.6
17149,59.4
17151,–
17153,78.1
17155,–
17157,61.3
17159,113.9
17161,88.0
17163,87.4
17165,237.1
17167,124.1
17169,118.3
17171,–
17173,40.2
17175,–
17177,94.0
17179,107.5
17181,163.8
17183,116.1
17185,132.7
17187,72.4
17189,6.6
17191,107.8
17193,123.5
17195,81.9
17197,60.6
17199,179.6
17201,117.7
17203,20.6
18001,71.5
18003,96.1
18005,141.7
18007,26.2
18009,134.7
18011,84.4
18013,48.9
18015,42.0
18017,86.1
18019,146.9
18021,128.8
18023,113.8
18025,72.7
18027,120.5
18029,108.3
18031,114.5
18033,86.9
18035,145.5
18037,131.5
18039,93.3
18041,180.5
18043,197.6
18045,144.0
18047,67.3
18049,118.7
18051,105.8
18053,147.4
18055,106.7
18057,65.0
18059,96.6
18061,118.7
18063,92.8
18065,120.9
18067,174.0
18069,107.4
18071,137.8
18073,130.8
18075,139.3
18077,151.5
18079,147.5
18081,113.6
18083,160.4
18085,91.2
18087,28.7
18089,95.6
18091,127.7
18093,165.4
18095,153.4
18097,101.4
18099,99.5
18101,123.4
18103,78.0
18105,93.4
18107,121.4
18109,159.1
18111,31.5
18113,93.7
18115,–
18117,144.1
18119,86.9
18121,64.1
18123,117.3
18125,118.2
18127,107.0
18129,72.5
18131,90.7
18133,99.7
18135,108.8
18137,119.9
18139,111.1
18141,100.5
18143,237.4
18145,103.6
18147,78.2
18149,155.8
18151,98.8
18153,147.1
18155,64.9
18157,90.5
18159,89.9
18161,65.9
18163,183.3
18165,122.1
18167,147.0
18169,116.3
18171,–
18173,101.3
18175,111.7
18177,130.7
18179,83.3
18181,98.6
18183,119.0
20001,196.8
20003,–
20005,121.9
20007,113.4
20009,122.8
20011,112.7
20013,50.2
20015,114.3
20017,–
20019,20.7
20021,40.6
20023,101.6
20025,–
20027,93.2
20029,89.7
20031,–
20033,–
20035,99.1
20037,149.3
20039,121.0
20041,59.4
20043,–
20045,82.2
20047,–
20049,–
20051,137.9
20053,85.7
20055,85.1
20057,91.0
20059,145.2
20061,79.4
20063,–
20065,177.2
20067,–
20069,25.1
20071,145.5
20073,–
20075,71.1
20077,74.7
20079,104.9
20081,–
20083,–
20085,54.5
20087,13.8
20089,–
20091,79.6
20093,71.7
20095,–
20097,–
20099,106.1
20101,–
20103,60.0
20105,–
20107,–
20109,100.3
20111,80.1
20113,97.2
20115,35.2
20117,35.1
20119,–
20121,23.6
20123,–
20125,118.7
20127,–
20129,271.6
20131,29.1
20133,32.7
20135,–
20137,99.1
20139,–
20141,175.1
20143,–
20145,47.5
20147,–
20149,–
20151,216.6
20153,–
20155,121.9
20157,121.5
20159,43.5
20161,78.8
20163,–
20165,61.5
20167,–
20169,157.5
20171,139.3
20173,114.7
20175,154.9
20177,122.1
20179,56.8
20181,112.0
20183,154.2
20185,–
20187,–
20189,–
20191,85.7
20193,128.1
20195,151.0
20197,–
20199,13.5
20201,18.6
20203,–
20205,120.3
20207,–
20209,81.7
21001,132.1
21003,93.5
21005,127.8
21007,125.5
21009,139.3
21011,40.3
21013,281.9
21015,120.2
21017,116.6
21019,148.6
21021,180.9
21023,20.5
21025,244.6
21027,58.6
21029,84.1
21031,169.5
21033,162.2
21035,117.8
21037,116.0
21039,72.7
21041,199.1
21043,115.7
21045,71.6
21047,77.7
21049,145.4
21051,265.3
21053,–
21055,142.3
21057,236.4
21059,141.4
21061,106.7
21063,–
21065,200.3
21067,86.6
21069,223.7
21071,387.2
21073,126.2
21075,212.1
21077,–
21079,65.5
21081,159.6
21083,98.9
21085,156.6
21087,96.5
21089,123.9
21091,–
21093,96.9
21095,171.7
21097,109.7
21099,72.6
21101,166.4
21103,65.6
21105,85.0
21107,162.4
21109,58.3
21111,114.3
21113,115.0
21115,219.1
21117,95.8
21119,89.8
21121,120.5
21123,83.4
21125,150.4
21127,153.0
21129,206.4
21131,235.4
21133,195.9
21135,38.2
21137,87.2
21139,–
21141,91.4
21143,139.3
21145,225.6
21147,148.2
21149,68.2
21151,114.0
21153,160.2
21155,130.1
21157,132.0
21159,96.9
21161,129.9
21163,66.7
21165,51.0
21167,117.3
21169,63.2
21171,171.9
21173,199.6
21175,63.5
21177,153.0
21179,123.4
21181,–
21183,121.0
21185,72.4
21187,73.7
21189,352.0
21191,59.8
21193,292.4
21195,306.2
21197,144.9
21199,139.5
21201,–
21203,104.4
21205,167.5
21207,212.2
21209,97.7
21211,102.0
21213,152.0
21215,63.5
21217,137.0
21219,94.3
21221,114.4
21223,3.5
21225,153.8
21227,127.9
21229,54.8
21231,174.0
21233,135.6
21235,364.2
21237,101.1
21239,80.0
22001,84.7
22003,99.0
22005,117.1
22007,39.9
22009,134.9
22011,109.7
22013,–
22015,107.2
22017,122.5
22019,121.7
22021,–
22023,–
22025,114.7
22027,66.8
22029,63.3
22031,33.3
22033,118.2
22035,106.2
22037,71.9
22039,227.8
22041,102.7
22043,–
22045,120.4
22047,102.5
22049,34.1
22051,124.1
22053,115.8
22055,136.3
22057,107.3
22059,135.9
22061,104.8
22063,118.9
22065,–
22067,115.3
22069,89.8
22071,73.8
22073,128.0
22075,–
22077,98.6
22079,169.5
22081,–
22083,67.8
22085,101.6
22087,143.7
22089,88.9
22091,52.1
22093,45.6
22095,93.9
22097,161.0
22099,90.6
22101,139.9
22103,135.5
22105,148.0
22107,–
22109,121.5
22111,68.7
22113,83.2
22115,87.3
22117,162.9
22119,126.1
22121,82.7
22123,105.2
22125,47.2
22127,33.0
25001,83.8
25003,89.8
25005,94.6
25007,80.3
25009,65.3
25011,67.9
25013,91.0
25015,72.8
25017,48.4
25019,48.9
25021,57.1
25023,71.7
25025,48.2
25027,73.9
24001,136.7
24003,81.9
24005,87.3
24009,110.3
24011,65.2
24013,85.2
24015,96.8
24017,96.0
24019,79.6
24021,86.4
24023,111.5
24025,91.2
24027,40.9
24029,140.3
24031,42.0
24033,48.7
24035,83.1
24037,73.5
24039,59.8
24041,118.7
24043,128.2
24045,108.4
24047,103.9
24510,72.2
23001,102.2
23003,83.2
23005,78.7
23007,76.7
23009,85.3
23011,120.7
23013,76.2
23015,72.6
23017,91.7
23019,107.7
23021,111.1
23023,87.6
23025,87.7
23027,66.5
23029,80.0
23031,81.3
26001,34.0
26003,85.5
26005,59.3
26007,139.7
26009,52.9
26011,132.9
26013,109.3
26015,53.8
26017,105.0
26019,85.4
26021,119.3
26023,94.3
26025,122.1
26027,45.0
26029,102.7
26031,145.1
26033,85.0
26035,156.7
26037,42.6
26039,116.4
26041,123.7
26043,142.2
26045,107.6
26047,138.0
26049,134.0
26051,125.1
26053,132.8
26055,148.1
26057,92.5
26059,80.6
26061,32.0
26063,74.3
26065,93.5
26067,75.3
26069,160.5
26071,118.2
26073,91.1
26075,104.5
26077,96.3
26079,127.6
26081,90.2
26083,–
26085,–
26087,89.1
26089,25.9
26091,86.9
26093,72.2
26095,140.8
26097,97.3
26099,116.8
26101,121.5
26103,87.7
26105,170.3
26107,109.5
26109,70.7
26111,90.3
26113,21.9
26115,108.6
26117,127.9
26119,68.3
26121,155.1
26123,144.6
26125,87.1
26127,48.4
26129,164.4
26131,45.6
26133,97.7
26135,154.0
26137,174.1
26139,68.0
26141,58.3
26143,207.5
26145,108.7
26147,109.0
26149,129.1
26151,51.2
26153,107.6
26155,107.0
26157,79.8
26159,110.4
26161,60.8
26163,106.9
26165,182.8
27001,122.9
27003,65.3
27005,71.6
27007,89.1
27009,51.1
27011,129.1
27013,78.9
27015,82.1
27017,113.3
27019,52.1
27021,52.1
27023,74.2
27025,29.5
27027,67.9
27029,89.3
27031,–
27033,82.1
27035,74.4
27037,63.8
27039,21.9
27041,109.3
27043,53.3
27045,23.1
27047,40.1
27049,57.9
27051,52.5
27053,54.3
27055,0.5
27057,76.4
27059,60.5
27061,95.1
27063,34.2
27065,78.3
27067,75.3
27069,38.5
27071,74.8
27073,57.6
27075,–
27077,84.4
27079,25.2
27081,54.4
27083,48.8
27085,77.9
27087,73.0
27089,32.0
27091,103.3
27093,49.4
27095,93.3
27097,77.2
27099,55.6
27101,37.0
27103,28.2
27105,60.3
27107,49.8
27109,44.7
27111,62.6
27113,91.8
27115,60.7
27117,81.8
27119,62.0
27121,64.8
27123,56.3
27125,41.1
27127,54.5
27129,27.9
27131,63.0
27133,47.5
27135,56.3
27137,92.0
27139,44.4
27141,54.9
27143,28.6
27145,65.5
27147,64.2
27149,52.3
27151,64.1
27153,30.3
27155,47.8
27157,–
27159,180.1
27161,51.3
27163,68.8
27165,42.4
27167,89.2
27169,68.4
27171,61.3
27173,41.7
29001,146.3
29003,–
29005,48.1
29007,89.8
29009,107.7
29011,54.4
29013,41.4
29015,110.5
29017,89.7
29019,58.5
29021,149.9
29023,261.4
29025,–
29027,45.7
29029,144.8
29031,135.3
29033,124.4
29035,–
29037,124.2
29039,–
29041,–
29043,102.7
29045,–
29047,104.2
29049,44.0
29051,143.4
29053,44.6
29055,64.4
29057,54.3
29059,28.5
29061,35.4
29063,–
29065,119.1
29067,77.0
29069,161.8
29071,117.2
29073,28.6
29075,44.3
29077,143.1
29079,144.6
29081,115.8
29083,141.3
29085,–
29087,–
29089,–
29091,200.7
29093,59.3
29095,95.2
29097,167.6
29099,90.5
29101,44.9
29103,–
29105,144.4
29107,10.0
29109,56.3
29111,47.2
29113,94.9
29115,68.2
29117,179.0
29119,38.1
29121,46.4
29123,133.5
29125,–
29127,134.1
29129,78.2
29131,81.4
29133,88.7
29135,5.8
29137,–
29139,90.8
29141,28.0
29143,66.5
29145,50.6
29147,73.6
29149,34.0
29151,15.3
29153,61.1
29155,171.8
29157,74.9
29159,94.4
29161,171.7
29163,64.9
29165,85.8
29167,177.7
29169,62.8
29171,–
29173,–
29175,117.9
29177,46.7
29179,–
29181,195.1
29183,90.9
29185,–
29186,48.2
29187,188.4
29189,80.7
29195,31.1
29197,–
29199,9.0
29201,156.4
29203,–
29205,38.0
29207,113.9
29209,95.6
29211,–
29213,130.1
29215,63.2
29217,124.5
29219,82.2
29221,126.0
29223,23.9
29225,115.3
29227,–
29229,154.9
29510,68.0
28001,222.4
28003,249.0
28005,62.7
28007,135.6
28009,84.5
28011,106.5
28013,69.7
28015,–
28017,116.8
28019,–
28021,88.3
28023,98.6
28025,145.3
28027,81.6
28029,110.3
28031,95.5
28033,116.7
28035,270.4
28037,101.5
28039,187.5
28041,10.3
28043,172.7
28045,106.3
28047,151.6
28049,81.0
28051,37.7
28053,52.7
28055,–
28057,132.8
28059,141.8
28061,–
28063,–
28065,143.4
28067,177.5
28069,–
28071,94.1
28073,42.4
28075,176.5
28077,124.9
28079,77.5
28081,151.2
28083,97.6
28085,142.0
28087,173.9
28089,77.6
28091,246.4
28093,43.8
28095,119.2
28097,63.5
28099,218.9
28101,48.2
28103,102.4
28105,81.3
28107,124.3
28109,155.2
28111,58.9
28113,178.3
28115,128.6
28117,146.6
28119,–
28121,113.0
28123,109.0
28125,–
28127,157.1
28129,31.6
28131,147.8
28133,55.0
28135,9.5
28137,134.3
28139,138.3
28141,139.5
28143,–
28145,135.3
28147,53.2
28149,137.6
28151,95.6
28153,196.2
28155,124.1
28157,22.4
28159,112.6
28161,55.5
28163,71.6
30001,80.5
30003,–
30005,47.9
30007,34.7
30009,–
30011,–
30013,121.6
30015,46.2
30017,123.2
30019,–
30021,84.2
30023,94.2
30025,–
30027,75.1
30029,118.2
30031,57.7
30033,–
30035,56.5
30037,–
30039,–
30041,91.7
30043,15.1
30045,–
30047,94.4
30049,88.7
30051,–
30053,135.0
30055,–
30057,26.9
30059,81.0
30061,96.9
30063,112.9
30065,–
30067,48.4
30069,–
30071,78.8
30073,–
30075,71.0
30077,78.2
30079,–
30081,93.5
30083,69.3
30085,24.4
30087,42.6
30089,100.9
30091,–
30093,117.0
30095,9.1
30097,–
30099,92.6
30101,54.1
30103,–
30105,55.8
30107,–
30109,–
30111,106.5
37001,104.4
37003,28.4
37005,101.2
37007,86.7
37009,105.5
37011,109.9
37013,156.1
37015,63.0
37017,107.7
37019,125.9
37021,105.3
37023,175.2
37025,116.6
37027,154.5
37029,–
37031,118.2
37033,5.8
37035,152.8
37037,50.4
37039,151.7
37041,114.8
37043,122.2
37045,159.2
37047,191.8
37049,178.8
37051,103.1
37053,21.2
37055,142.5
37057,96.5
37059,114.2
37061,92.6
37063,63.6
37065,55.7
37067,101.3
37069,64.1
37071,148.7
37073,–
37075,124.5
37077,81.1
37079,36.2
37081,94.2
37083,131.6
37085,84.5
37087,123.8
37089,107.0
37091,131.6
37093,49.0
37095,–
37097,122.1
37099,102.0
37101,77.3
37103,–
37105,159.0
37107,107.6
37109,134.0
37111,93.3
37113,120.6
37115,74.3
37117,92.5
37119,68.7
37121,149.0
37123,79.4
37125,122.5
37127,112.9
37129,120.7
37131,–
37133,94.1
37135,47.3
37137,67.4
37139,146.5
37141,48.4
37143,45.5
37145,110.6
37147,99.4
37149,56.6
37151,83.9
37153,170.2
37155,132.0
37157,166.3
37159,103.4
37161,106.5
37163,93.6
37165,175.0
37167,140.3
37169,96.9
37171,187.0
37173,83.0
37175,119.5
37177,–
37179,77.3
37181,148.2
37183,65.1
37185,29.9
37187,74.4
37189,92.1
37191,88.6
37193,108.4
37195,108.5
37197,90.8
37199,95.3
38001,148.6
38003,90.9
38005,5.6
38007,–
38009,49.3
38011,71.1
38013,–
38015,86.0
38017,46.4
38019,–
38021,86.5
38023,–
38025,41.4
38027,103.8
38029,80.1
38031,105.5
38033,–
38035,69.5
38037,–
38039,–
38041,26.4
38043,49.4
38045,43.0
38047,–
38049,–
38051,50.9
38053,73.3
38055,53.5
38057,80.4
38059,57.1
38061,17.2
38063,–
38065,–
38067,67.0
38069,106.5
38071,153.3
38073,93.9
38075,38.3
38077,41.0
38079,5.4
38081,–
38083,–
38085,–
38087,–
38089,89.1
38091,–
38093,97.8
38095,–
38097,–
38099,55.3
38101,82.0
38103,–
38105,83.9
31001,89.7
31003,57.2
31005,–
31007,–
31009,–
31011,–
31013,65.8
31015,–
31017,51.7
31019,81.8
31021,41.9
31023,73.7
31025,20.7
31027,37.4
31029,106.8
31031,64.7
31033,77.9
31035,–
31037,–
31039,20.7
31041,82.1
31043,76.2
31045,79.0
31047,49.6
31049,–
31051,11.7
31053,111.8
31055,79.5
31057,128.8
31059,–
31061,19.5
31063,–
31065,–
31067,88.1
31069,99.8
31071,–
31073,–
31075,–
31077,–
31079,96.1
31081,61.5
31083,78.8
31085,–
31087,–
31089,69.2
31091,–
31093,83.2
31095,91.5
31097,14.9
31099,69.2
31101,143.6
31103,–
31105,–
31107,30.6
31109,72.7
31111,109.3
31113,–
31115,–
31117,–
31119,106.2
31121,69.4
31123,40.7
31125,–
31127,105.5
31129,146.4
31131,99.6
31133,109.9
31135,–
31137,104.8
31139,32.1
31141,84.6
31143,32.3
31145,120.4
31147,58.1
31149,–
31151,61.7
31153,66.8
31155,52.0
31157,113.3
31159,48.8
31161,4.9
31163,–
31165,–
31167,–
31169,–
31171,–
31173,33.5
31175,–
31177,66.3
31179,48.8
31181,–
31183,–
31185,111.1
33001,93.4
33003,96.0
33005,84.8
33007,93.3
33009,94.0
33011,75.3
33013,90.3
33015,77.0
33017,102.0
33019,76.9
34001,85.7
34003,48.2
34005,72.4
34007,92.9
34009,101.1
34011,100.7
34013,43.7
34015,87.1
34017,37.7
34019,50.1
34021,60.3
34023,51.5
34025,66.9
34027,49.2
34029,81.9
34031,50.5
34033,79.9
34035,42.0
34037,67.0
34039,49.2
34041,78.7
35001,80.1
35003,–
35005,102.0
35006,24.2
35007,39.9
35009,95.0
35011,–
35013,60.8
35015,103.8
35017,113.3
35019,–
35021,–
35023,–
35025,82.0
35027,117.7
35028,64.9
35029,76.4
35031,27.8
35033,–
35035,70.8
35037,88.9
35039,100.7
35041,22.5
35043,61.0
35045,69.6
35047,94.2
35049,100.6
35051,137.0
35053,83.2
35055,109.4
35057,25.3
35059,50.9
35061,85.1
32001,126.3
32003,94.2
32005,113.8
32007,89.6
32009,–
32011,–
32013,96.3
32015,–
32017,96.2
32019,102.6
32021,150.6
32023,138.2
32027,28.6
32029,–
32031,110.4
32033,175.6
32510,145.9
36001,64.1
36003,69.5
36005,38.1
36007,89.1
36009,90.5
36011,39.8
36013,100.7
36015,112.7
36017,72.8
36019,46.3
36021,74.6
36023,49.1
36025,83.6
36027,69.6
36029,83.6
36031,30.9
36033,30.8
36035,88.1
36037,73.5
36039,82.4
36041,–
36043,43.3
36045,32.4
36047,28.8
36049,22.4
36051,56.6
36053,55.6
36055,62.3
36057,105.2
36059,49.2
36061,47.8
36063,93.1
36065,75.5
36067,57.7
36069,61.9
36071,74.9
36073,69.4
36075,53.8
36077,65.9
36079,44.9
36081,29.1
36083,71.2
36085,57.5
36087,40.1
36089,29.2
36091,64.3
36093,77.2
36095,50.1
36097,72.7
36099,35.0
36101,80.2
36103,66.4
36105,106.8
36107,41.2
36109,45.0
36111,75.1
36113,109.3
36115,77.6
36117,66.2
36119,44.8
36121,64.0
36123,58.7
39001,104.0
39003,114.3
39005,54.0
39007,95.2
39009,103.7
39011,52.1
39013,141.8
39015,106.9
39017,103.1
39019,43.5
39021,86.2
39023,117.1
39025,111.8
39027,132.4
39029,102.2
39031,86.1
39033,110.4
39035,76.2
39037,60.3
39039,91.5
39041,71.6
39043,112.1
39045,93.9
39047,123.8
39049,108.3
39051,91.9
39053,151.5
39055,67.3
39057,95.8
39059,126.8
39061,99.7
39063,77.0
39065,92.7
39067,76.6
39069,68.3
39071,138.9
39073,104.9
39075,32.5
39077,113.6
39079,190.5
39081,145.0
39083,64.7
39085,90.2
39087,117.0
39089,85.7
39091,103.9
39093,88.8
39095,115.0
39097,72.5
39099,119.9
39101,117.3
39103,85.7
39105,102.4
39107,55.1
39109,85.8
39111,64.7
39113,116.6
39115,46.4
39117,58.7
39119,125.0
39121,38.3
39123,83.6
39125,54.3
39127,103.3
39129,91.9
39131,124.2
39133,76.9
39135,79.0
39137,42.8
39139,95.0
39141,137.3
39143,89.2
39145,129.0
39147,81.8
39149,88.4
39151,114.7
39153,98.0
39155,112.1
39157,94.7
39159,79.6
39161,82.8
39163,–
39165,86.1
39167,161.6
39169,68.3
39171,77.5
39173,58.5
39175,47.6
40001,26.3
40003,–
40005,32.7
40007,–
40009,146.7
40011,15.5
40013,160.8
40015,107.4
40017,115.5
40019,222.6
40021,142.5
40023,54.9
40025,89.4
40027,105.6
40029,69.4
40031,104.0
40033,–
40035,141.2
40037,150.0
40039,158.0
40041,106.2
40043,–
40045,131.0
40047,112.4
40049,114.3
40051,75.0
40053,–
40055,53.7
40057,260.4
40059,–
40061,98.1
40063,69.2
40065,171.7
40067,35.7
40069,–
40071,132.0
40073,62.8
40075,40.3
40077,138.1
40079,111.2
40081,21.5
40083,68.2
40085,56.7
40087,173.2
40089,114.3
40091,75.3
40093,–
40095,45.4
40097,95.1
40099,201.2
40101,137.3
40103,18.8
40105,79.2
40107,–
40109,152.9
40111,119.8
40113,30.4
40115,119.9
40117,122.3
40119,132.0
40121,193.9
40123,149.1
40125,187.3
40127,–
40129,–
40131,146.1
40133,96.1
40135,89.8
40137,177.2
40139,20.6
40141,123.6
40143,157.2
40145,73.0
40147,133.9
40149,–
40151,41.0
40153,157.6
41001,148.0
41003,59.7
41005,91.5
41007,168.1
41009,89.9
41011,163.4
41013,121.7
41015,162.5
41017,110.9
41019,127.4
41021,20.2
41023,66.5
41025,137.1
41027,106.5
41029,143.1
41031,45.9
41033,162.0
41035,116.7
41037,114.1
41039,124.6
41041,165.7
41043,134.4
41045,168.1
41047,80.5
41049,16.9
41051,72.9
41053,66.5
41055,–
41057,111.9
41059,113.8
41061,124.2
41063,102.9
41065,174.5
41067,69.9
41069,–
41071,96.7
42001,50.4
42003,89.5
42005,97.0
42007,90.3
42009,71.2
42011,65.9
42013,118.2
42015,73.2
42017,82.8
42019,82.3
42021,122.3
42023,139.0
42025,80.5
42027,57.0
42029,58.9
42031,77.2
42033,86.9
42035,73.5
42037,87.0
42039,106.7
42041,83.2
42043,78.8
42045,83.9
42047,95.4
42049,101.2
42051,134.4
42053,40.0
42055,79.5
42057,–
42059,83.2
42061,61.8
42063,79.3
42065,90.9
42067,62.3
42069,129.6
42071,67.3
42073,118.4
42075,66.9
42077,55.0
42079,102.6
42081,106.5
42083,104.0
42085,124.2
42087,94.3
42089,98.7
42091,70.2
42093,80.5
42095,85.2
42097,107.5
42099,71.4
42101,83.1
42103,72.2
42105,80.8
42107,85.6
42109,86.7
42111,72.3
42113,49.4
42115,66.9
42117,92.9
42119,66.4
42121,98.7
42123,75.5
42125,89.5
42127,96.6
42129,85.3
42131,94.2
42133,75.4
44001,58.4
44003,101.5
44005,74.5
44007,81.6
44009,82.6
45001,55.9
45003,99.7
45005,64.9
45007,109.4
45009,82.7
45011,118.4
45013,72.6
45015,68.3
45017,–
45019,93.9
45021,137.3
45023,98.2
45025,98.6
45027,86.1
45029,142.1
45031,169.4
45033,141.4
45035,105.9
45037,46.2
45039,76.4
45041,146.6
45043,107.1
45045,116.6
45047,124.5
45049,76.0
45051,134.1
45053,62.8
45055,80.1
45057,110.6
45059,93.2
45061,33.1
45063,107.4
45065,–
45067,120.7
45069,100.6
45071,94.1
45073,150.6
45075,96.1
45077,116.8
45079,76.9
45081,54.3
45083,132.4
45085,80.4
45087,147.0
45089,88.7
45091,89.6
46003,–
46005,80.1
46007,–
46009,–
46011,53.5
46013,73.6
46015,105.3
46017,–
46019,22.1
46021,–
46023,31.4
46025,–
46027,42.0
46029,97.6
46031,–
46033,51.1
46035,116.0
46037,–
46039,–
46041,–
46043,56.6
46045,66.8
46047,69.1
46049,–
46051,66.7
46053,90.7
46055,105.7
46057,–
46059,–
46061,–
46063,–
46065,119.6
46067,94.9
46069,–
46071,–
46073,–
46075,–
46077,52.2
46079,30.3
46081,99.5
46083,27.7
46085,21.5
46087,39.3
46089,50.9
46091,61.8
46093,11.9
46095,98.5
46097,31.7
46099,69.1
46101,35.5
46103,81.5
46105,42.2
46107,–
46109,32.0
46111,–
46113,–
46115,–
46117,–
46119,–
46121,21.9
46123,95.3
46125,35.9
46127,75.3
46129,79.5
46135,120.4
46137,–
47001,202.1
47003,124.6
47005,167.6
47007,110.7
47009,125.0
47011,185.1
47013,257.0
47015,120.3
47017,186.1
47019,133.0
47021,93.7
47023,110.2
47025,240.8
47027,243.6
47029,203.4
47031,234.8
47033,49.6
47035,180.9
47037,113.4
47039,149.8
47041,230.9
47043,173.8
47045,169.5
47047,76.0
47049,279.8
47051,147.5
47053,136.4
47055,105.0
47057,135.3
47059,159.3
47061,213.5
47063,251.6
47065,167.0
47067,168.4
47069,76.1
47071,173.0
47073,115.1
47075,91.8
47077,156.6
47079,214.6
47081,40.1
47083,84.1
47085,134.7
47087,53.1
47089,157.9
47091,150.3
47093,144.9
47095,149.7
47097,110.1
47099,186.1
47101,127.4
47103,143.3
47105,149.0
47107,208.7
47109,194.8
47111,142.6
47113,159.2
47115,129.8
47117,183.3
47119,172.8
47121,–
47123,159.5
47125,114.3
47127,11.6
47129,94.7
47131,118.4
47133,133.1
47135,122.0
47137,208.9
47139,28.3
47141,172.1
47143,190.5
47145,208.9
47147,157.1
47149,115.3
47151,115.8
47153,213.6
47155,154.6
47157,86.9
47159,194.2
47161,51.6
47163,221.7
47165,106.0
47167,95.9
47169,296.4
47171,179.7
47173,141.6
47175,–
47177,193.0
47179,150.7
47181,169.6
47183,104.2
47185,177.6
47187,65.0
47189,114.4
48001,105.9
48003,53.2
48005,123.0
48007,124.9
48009,–
48011,21.0
48013,91.9
48015,60.1
48017,77.6
48019,–
48021,82.2
48023,95.3
48025,80.2
48027,76.5
48029,71.0
48031,14.0
48033,–
48035,52.3
48037,175.6
48039,75.3
48041,73.0
48043,93.3
48045,–
48047,52.4
48049,161.5
48051,76.3
48053,132.2
48055,62.1
48057,116.6
48059,–
48061,37.1
48063,110.2
48065,–
48067,70.3
48069,–
48071,10.5
48073,82.5
48075,213.6
48077,–
48079,–
48081,–
48083,–
48085,68.2
48087,–
48089,74.3
48091,96.8
48093,95.7
48095,–
48097,115.4
48099,68.6
48101,–
48103,78.9
48105,60.9
48107,4.5
48109,–
48111,94.1
48113,65.4
48115,73.4
48117,56.6
48119,–
48121,75.7
48123,70.1
48125,–
48127,98.3
48129,–
48131,9.6
48133,70.2
48135,103.0
48137,–
48139,85.7
48141,42.6
48143,93.4
48145,72.1
48147,67.6
48149,67.0
48151,–
48153,24.5
48155,70.1
48157,45.7
48159,91.5
48161,53.8
48163,52.7
48165,62.4
48167,96.2
48169,–
48171,91.9
48173,–
48175,–
48177,55.8
48179,153.9
48181,152.5
48183,199.5
48185,34.6
48187,55.8
48189,76.5
48191,–
48193,–
48195,–
48197,82.0
48199,115.0
48201,63.3
48203,76.1
48205,–
48207,–
48209,74.4
48211,–
48213,101.6
48215,31.3
48217,91.6
48219,99.6
48221,139.2
48223,115.9
48225,79.6
48227,70.9
48229,–
48231,119.5
48233,84.8
48235,–
48237,–
48239,47.8
48241,74.2
48243,–
48245,95.7
48247,–
48249,93.6
48251,97.4
48253,37.3
48255,74.5
48257,96.3
48259,86.5
48261,–
48263,–
48265,115.2
48267,106.4
48269,–
48271,–
48273,75.1
48275,–
48277,181.6
48279,48.0
48281,31.6
48283,–
48285,81.1
48287,40.7
48289,24.1
48291,129.3
48293,102.7
48295,–
48297,–
48299,99.7
48301,–
48303,96.0
48305,–
48307,70.2
48309,94.7
48311,–
48313,99.7
48315,–
48317,–
48319,–
48321,97.1
48323,31.8
48325,39.5
48327,62.1
48329,87.9
48331,75.7
48333,–
48335,–
48337,118.0
48339,82.7
48341,67.6
48343,134.4
48345,–
48347,109.7
48349,90.0
48351,64.7
48353,157.0
48355,97.6
48357,81.5
48359,–
48361,119.6
48363,148.0
48365,97.0
48367,84.6
48369,–
48371,49.1
48373,89.2
48375,99.1
48377,–
48379,76.8
48381,89.9
48383,–
48385,–
48387,–
48389,82.1
48391,–
48393,–
48395,31.9
48397,91.4
48399,50.5
48401,68.5
48403,61.6
48405,99.0
48407,23.7
48409,81.8
48411,84.7
48413,–
48415,108.8
48417,–
48419,97.9
48421,83.6
48423,113.8
48425,118.5
48427,33.0
48429,152.9
48431,–
48433,–
48435,–
48437,–
48439,84.8
48441,140.1
48443,–
48445,67.3
48447,–
48449,139.2
48451,105.4
48453,69.9
48455,107.0
48457,68.2
48459,20.3
48461,–
48463,75.7
48465,40.9
48467,101.5
48469,122.7
48471,82.4
48473,15.7
48475,80.8
48477,83.9
48479,31.7
48481,77.9
48483,61.6
48485,133.2
48487,187.7
48489,54.1
48491,75.6
48493,51.9
48495,89.6
48497,73.4
48499,85.5
48501,58.2
48503,112.2
48505,–
48507,37.6
49001,105.7
49003,72.1
49005,59.8
49007,191.0
49009,–
49011,79.2
49013,65.9
49015,104.6
49017,100.2
49019,111.8
49021,108.3
49023,87.1
49025,120.3
49027,115.5
49029,51.4
49031,–
49033,56.9
49035,87.0
49037,29.0
49039,91.0
49041,131.9
49043,78.1
49045,96.1
49047,96.4
49049,69.5
49051,81.8
49053,101.0
49055,–
49057,99.5
51001,69.2
51003,73.8
51005,84.5
51007,57.6
51009,95.0
51011,140.4
51013,30.4
51015,36.4
51017,75.8
51019,50.4
51021,82.1
51023,46.6
51025,27.4
51027,130.9
51029,–
51031,38.7
51033,22.2
51035,44.4
51036,–
51037,38.6
51041,84.7
51043,10.0
51045,–
51047,99.0
51049,36.9
51051,170.0
51053,5.3
51057,126.0
51059,38.5
51061,99.1
51063,78.5
51065,36.1
51067,110.3
51069,66.3
51071,181.3
51073,130.3
51075,23.3
51077,29.5
51079,77.7
51081,–
51083,85.4
51085,108.6
51087,87.1
51089,106.9
51091,–
51093,66.1
51095,122.0
51097,–
51099,53.9
51101,51.0
51103,192.0
51105,130.5
51107,44.4
51109,67.5
51111,–
51113,–
51115,59.7
51117,119.0
51119,–
51121,81.7
51125,36.2
51127,72.8
51131,125.2
51133,36.1
51135,86.1
51137,112.9
51139,109.9
51141,81.1
51143,23.4
51145,50.1
51147,114.4
51149,–
51153,50.4
51155,179.6
51157,–
51159,53.2
51161,94.7
51163,–
51165,34.5
51167,154.7
51169,153.9
51171,93.3
51173,147.4
51175,4.1
51177,91.0
51179,67.5
51181,–
51183,28.7
51185,215.0
51187,123.8
51191,138.0
51193,60.1
51195,266.8
51197,134.7
51199,64.6
51510,41.8
51515,–
51520,217.7
51530,86.3
51540,80.1
51550,82.8
51570,309.9
51580,295.1
51590,203.3
51595,313.0
51600,96.1
51610,99.3
51620,297.2
51630,201.5
51640,439.2
51650,100.3
51660,147.8
51670,172.7
51678,334.2
51680,174.8
51683,134.6
51685,–
51690,548.1
51700,79.6
51710,73.7
51720,570.1
51730,157.1
51735,119.5
51740,120.2
51750,146.1
51760,74.6
51770,143.5
51775,249.2
51790,232.5
51800,92.3
51810,70.7
51820,268.2
51830,–
51840,226.4
50001,25.2
50003,77.6
50005,48.7
50007,49.1
50009,–
50011,55.9
50013,29.5
50015,36.3
50017,22.7
50019,37.2
50021,97.9
50023,48.5
50025,80.5
50027,57.6
53001,24.5
53003,172.7
53005,113.2
53007,97.3
53009,145.2
53011,67.3
53013,129.2
53015,107.2
53017,72.2
53019,85.9
53021,68.2
53023,28.7
53025,90.6
53027,118.5
53029,43.5
53031,91.5
53033,62.3
53035,76.3
53037,66.2
53039,29.7
53041,124.6
53043,92.3
53045,105.4
53047,82.7
53049,59.2
53051,133.1
53053,78.7
53055,17.2
53057,95.6
53059,59.2
53061,89.3
53063,96.9
53065,87.2
53067,74.4
53069,89.2
53071,94.1
53073,84.3
53075,56.0
53077,77.4
55001,49.8
55003,111.3
55005,82.0
55007,14.5
55009,77.2
55011,6.2
55013,58.4
55015,18.7
55017,55.7
55019,31.6
55021,110.0
55023,77.6
55025,66.9
55027,49.0
55029,53.7
55031,102.4
55033,58.7
55035,75.8
55037,–
55039,70.5
55041,57.1
55043,57.8
55045,65.7
55047,79.2
55049,52.8
55051,71.5
55053,37.8
55055,76.4
55057,105.6
55059,82.8
55061,25.4
55063,79.2
55065,16.4
55067,109.3
55069,88.8
55071,79.0
55073,56.8
55075,86.9
55077,38.6
55078,–
55079,97.9
55081,74.3
55083,42.6
55085,108.0
55087,72.1
55089,66.8
55091,68.5
55093,35.8
55095,75.7
55097,74.5
55099,65.4
55101,94.1
55103,14.6
55105,93.5
55107,45.6
55109,57.7
55111,81.7
55113,101.6
55115,57.9
55117,82.4
55119,34.2
55121,41.7
55123,51.7
55125,76.1
55127,76.5
55129,66.6
55131,83.1
55133,82.0
55135,91.3
55137,21.8
55139,76.5
55141,85.9
54001,109.9
54003,119.8
54005,198.7
54007,113.0
54009,133.8
54011,167.5
54013,63.5
54015,82.4
54017,49.3
54019,116.4
54021,65.0
54023,97.7
54025,180.5
54027,91.3
54029,177.0
54031,100.5
54033,153.9
54035,125.3
54037,98.1
54039,160.5
54041,126.1
54043,54.0
54045,300.1
54047,166.1
54049,125.4
54051,157.8
54053,137.5
54055,175.5
54057,114.9
54059,201.2
54061,91.3
54063,26.2
54065,78.4
54067,203.7
54069,121.7
54071,77.1
54073,151.0
54075,82.6
54077,60.5
54079,117.2
54081,208.5
54083,130.2
54085,63.0
54087,138.3
54089,107.1
54091,88.5
54093,54.2
54095,–
54097,90.0
54099,77.6
54101,98.8
54103,130.3
54105,62.7
54107,147.6
54109,217.4
56001,59.2
56003,50.3
56005,90.6
56007,77.0
56009,76.9
56011,–
56013,86.4
56015,31.0
56017,92.3
56019,62.2
56021,85.7
56023,45.8
56025,94.2
56027,–
56029,110.5
56031,51.4
56033,67.1
56035,55.2
56037,95.4
56039,85.4
56041,100.2
56043,94.0
56045,59.1
