,County FIPS,Poverty Percent All Ages,Median Household Income
0,00000,15.8,52250
1,01000,18.9,42882
2,01001,13.5,51868
3,01003,14.2,47539
4,01005,28.2,30981
5,01007,23.1,39781
6,01009,17.2,44392
7,01011,35.2,25937
8,01013,28.8,31041
9,01015,21.4,37898
10,01017,22.5,33883
11,01019,20.1,37478
12,01021,20.3,41348
13,01023,22.4,33581
14,01025,25.4,34593
15,01027,19.6,33344
16,01029,18.9,40407
17,01031,18.5,44666
18,01033,16.3,40032
19,01035,30.5,27196
20,01037,19.9,35175
21,01039,19.2,35187
22,01041,22.2,34105
23,01043,16.4,40142
24,01045,20.1,41805
25,01047,31.3,27524
26,01049,20,36713
27,01051,13.4,51650
28,01053,27.8,33455
29,01055,19.6,38587
30,01057,20.7,35661
31,01059,23.1,33332
32,01061,23.6,35378
33,01063,35,25864
34,01065,25.7,33597
35,01067,18.2,41590
36,01069,18.1,39636
37,01071,16.9,37204
38,01073,18.9,45024
39,01075,23,36475
40,01077,17.1,43586
41,01079,17.4,40713
42,01081,19.8,44647
43,01083,15.9,50148
44,01085,37,29734
45,01087,33.8,29228
46,01089,13.9,58258
47,01091,31.5,33749
48,01093,20.8,34162
49,01095,18.1,38399
50,01097,20.3,42278
51,01099,29.7,32696
52,01101,22.1,44013
53,01103,17.4,44079
54,01105,36.4,25461
55,01107,23.8,32314
56,01109,25.3,35944
57,01111,23.4,35121
58,01113,23.9,35762
59,01115,14,52437
60,01117,8.3,68718
61,01119,38,24504
62,01121,19.8,38505
63,01123,22.2,37747
64,01125,17.2,45959
65,01127,22,37193
66,01129,19.7,41115
67,01131,32.4,23184
68,01133,21.9,33578
69,02000,10.1,70058
70,02013,15.2,56856
71,02016,8.1,74088
72,02020,7.7,76362
73,02050,25.1,42876
74,02060,9.5,65283
75,02068,5.4,68103
76,02070,20.9,47930
77,02090,8.8,67204
78,02100,11.4,55295
79,02105,19.2,42276
80,02110,7.5,83642
81,02122,10.1,61629
82,02130,10.3,62619
83,02150,8.5,64782
84,02164,17.3,43936
85,02170,9.4,72371
86,02180,26.3,46471
87,02185,13.3,74174
88,02188,23.3,54600
89,02195,10.7,58176
90,02198,17.4,48175
91,02220,9.8,66038
92,02230,4.2,63930
93,02240,16.1,54922
94,02261,9.2,63541
95,02270,34.7,31274
96,02275,13.9,49039
97,02282,16.7,56365
98,02290,24.4,35114
99,04000,18.6,48504
100,04001,38.7,30252
101,04003,18.8,45294
102,04005,23.2,48732
103,04007,22.6,39868
104,04009,21.6,43497
105,04011,11.6,54673
106,04012,23.2,33994
107,04013,17.6,52066
108,04015,21.3,38560
109,04017,31.8,37182
110,04019,19.3,43926
111,04021,16.7,49887
112,04023,22.7,35753
113,04025,16.4,40486
114,04027,19.2,40498
115,05000,19.4,40605
116,05001,19.8,38497
117,05003,21.9,36479
118,05005,15.6,36082
119,05007,11.7,56518
120,05009,17.2,38410
121,05011,27,31733
122,05013,18.9,37497
123,05015,22.2,34109
124,05017,32.4,28006
125,05019,22.7,36517
126,05021,20,33488
127,05023,16.3,41612
128,05025,17,42414
129,05027,23.2,36927
130,05029,21.1,38145
131,05031,20,41608
132,05033,19.2,39384
133,05035,23.6,37726
134,05037,20.6,35438
135,05039,21.4,32591
136,05041,34,30241
137,05043,24.8,35249
138,05045,14.9,49936
139,05047,20.7,38874
140,05049,22.9,33439
141,05051,22.1,39057
142,05053,14.2,47089
143,05055,17.7,40840
144,05057,22.9,33715
145,05059,18.5,39927
146,05061,21.5,32740
147,05063,18.4,37761
148,05065,20.8,33308
149,05067,27.5,32923
150,05069,25.8,36169
151,05071,23.4,33634
152,05073,26,30642
153,05075,20.4,34740
154,05077,41.1,27068
155,05079,27.6,36062
156,05081,19.3,36310
157,05083,18.7,34090
158,05085,12.6,55648
159,05087,20.2,36358
160,05089,19,34217
161,05091,21.4,40005
162,05093,25.6,34285
163,05095,28.7,29870
164,05097,22.4,31763
165,05099,21.1,33341
166,05101,23.5,31824
167,05103,27.5,35006
168,05105,17.5,42328
169,05107,36.6,25894
170,05109,21.9,35592
171,05111,24.7,34113
172,05113,24.4,31818
173,05115,20,39704
174,05117,19.6,38921
175,05119,17.3,46526
176,05121,22.6,33148
177,05123,37.3,29011
178,05125,10.3,54921
179,05127,21.2,32404
180,05129,25.9,27299
181,05131,22.1,41685
182,05133,22.2,33698
183,05135,22.8,31224
184,05137,26.2,27522
185,05139,21,38132
186,05141,18.9,35111
187,05143,20.9,43302
188,05145,17.2,43363
189,05147,28,29159
190,05149,19.7,34679
191,06000,16.8,60185
192,06001,13,72128
193,06003,19.7,49392
194,06005,14.3,52357
195,06007,21.4,42395
196,06009,15,52598
197,06011,13,48897
198,06013,10.8,78909
199,06015,23.7,38663
200,06017,11.4,63002
201,06019,28.6,43741
202,06021,19.1,42129
203,06023,21.5,40882
204,06025,22.7,40106
205,06027,15.7,45784
206,06029,22.7,46688
207,06031,21.8,45794
208,06033,23.3,36973
209,06035,19.1,50487
210,06037,19,54443
211,06039,23.4,41223
212,06041,8.7,94347
213,06043,16.4,45251
214,06045,20.9,42001
215,06047,24.8,41003
216,06049,20,37055
217,06051,11.8,55107
218,06053,17.5,55411
219,06055,9.7,68619
220,06057,12.8,55246
221,06059,13.5,73827
222,06061,8.3,73643
223,06063,15.7,47645
224,06065,17.4,53909
225,06067,18.9,52980
226,06069,12.7,66780
227,06071,19.2,52112
228,06073,15.3,61365
229,06075,13.8,76933
230,06077,19.8,51219
231,06079,15,57743
232,06081,8,91061
233,06083,16.2,60803
234,06085,10.5,91843
235,06087,14.9,65282
236,06089,19.7,41236
237,06091,14.5,46449
238,06093,20.4,37108
239,06095,12.9,63398
240,06097,12.4,61020
241,06099,21.8,47808
242,06101,17.2,47903
243,06103,17.9,43459
244,06105,22.1,35708
245,06107,29.6,39657
246,06109,14.6,50774
247,06111,12,76513
248,06113,17.8,55011
249,06115,20.6,41824
250,08000,12.9,58942
251,08001,13.2,54876
252,08003,25.6,37484
253,08005,12.3,61092
254,08007,15.1,44417
255,08009,19.1,35787
256,08011,33,34440
257,08013,13.5,71405
258,08014,6.4,79117
259,08015,13,48012
260,08017,13.1,50379
261,08019,9.1,63489
262,08021,22.9,34923
263,08023,26,28233
264,08025,43.2,31477
265,08027,14.4,47268
266,08029,15.1,41730
267,08031,18.7,51156
268,08033,14,42416
269,08035,3.6,105192
270,08037,9.5,78517
271,08039,6.7,80972
272,08041,11.4,57072
273,08043,19.7,41412
274,08045,12.4,57364
275,08047,8.1,64962
276,08049,11,57312
277,08051,13.7,48391
278,08053,10.6,52188
279,08055,22.8,32418
280,08057,15.7,43549
281,08059,9.1,68161
282,08061,12.9,42378
283,08063,15.1,39633
284,08065,14.7,47547
285,08067,12.4,58675
286,08069,13.8,59337
287,08071,18,38547
288,08073,19.1,41510
289,08075,16.9,43561
290,08077,15.4,48108
291,08079,9.9,50286
292,08081,11.5,58890
293,08083,19.1,43655
294,08085,15.1,43946
295,08087,13.5,46332
296,08089,22.5,36811
297,08091,9.8,58137
298,08093,10.3,57510
299,08095,12.4,46805
300,08097,7.3,71012
301,08099,21.7,38830
302,08101,20.1,41352
303,08103,10.7,59364
304,08105,17.9,39834
305,08107,8.9,63763
306,08109,29.4,35310
307,08111,15.7,41683
308,08113,11.9,53674
309,08115,14.5,39980
310,08117,9.3,63236
311,08119,8.4,62725
312,08121,14,45572
313,08123,13.2,58404
314,08125,13,45487
315,09000,10.7,67262
316,09001,9.6,81816
317,09003,12.1,63491
318,09005,7.2,70519
319,09007,7.3,75335
320,09009,12.8,58672
321,09011,9.4,62638
322,09013,6.4,73660
323,09015,13,55948
324,10000,12.9,58244
325,10001,13.5,53811
326,10003,11.9,63033
327,10005,14.8,50207
328,11000,18.8,66326
329,11001,18.8,66326
330,12000,17.1,46021
331,12001,25.7,39614
332,12003,18.8,46505
333,12005,18,45249
334,12007,21.8,40668
335,12009,15,46677
336,12011,15.2,50343
337,12013,23.8,33977
338,12015,14.4,43611
339,12017,17.3,39285
340,12019,9.9,57991
341,12021,13.4,55584
342,12023,18.8,41722
343,12027,33.9,33198
344,12029,27.1,31649
345,12031,17.1,47876
346,12033,17.6,42742
347,12035,14.5,47872
348,12037,25.9,33471
349,12039,25.3,34348
350,12041,21.9,39854
351,12043,24.1,39003
352,12045,22.4,38880
353,12047,29.2,33836
354,12049,28.8,34884
355,12051,25.1,37085
356,12053,15.6,39280
357,12055,20.1,34054
358,12057,16.8,49510
359,12059,27.5,33220
360,12061,14.1,44326
361,12063,26.3,36332
362,12065,19.6,39494
363,12067,25.2,37120
364,12069,14.5,44244
365,12071,16.3,46605
366,12073,21.7,46975
367,12075,23.6,33193
368,12077,27.7,36561
369,12079,28.9,30391
370,12081,16,48066
371,12083,19.6,38783
372,12085,13.5,51159
373,12086,21,41840
374,12087,16.8,50380
375,12089,13.4,56987
376,12091,13.4,54265
377,12093,25.7,35954
378,12095,18.2,46675
379,12097,20.7,41592
380,12099,15,51768
381,12101,13.5,45454
382,12103,15.1,43773
383,12105,19.3,42447
384,12107,26.9,32852
385,12109,9.6,66312
386,12111,19,42825
387,12113,13.8,54876
388,12115,13,48717
389,12117,12.9,55195
390,12119,12,52670
391,12121,24.6,35666
392,12123,23.9,38370
393,12125,23.8,40841
394,12127,16.6,40908
395,12129,15.9,47430
396,12131,19.3,45357
397,12133,23.4,35671
398,13000,19,47765
399,13001,28.6,36915
400,13003,26,30883
401,13005,22.8,33781
402,13007,27.7,37135
403,13009,31.8,35815
404,13011,17.4,42495
405,13013,14.4,54668
406,13015,19.1,46330
407,13017,31.9,30090
408,13019,24,37903
409,13021,29.2,36816
410,13023,22,40369
411,13025,22.5,36758
412,13027,25.4,34367
413,13029,10.1,66066
414,13031,30.6,36484
415,13033,32,32675
416,13035,22,43330
417,13037,39.1,30727
418,13039,15.6,49098
419,13043,29.1,31427
420,13045,17.9,45493
421,13047,16,50847
422,13049,31.2,35165
423,13051,20.3,45254
424,13053,20.5,46893
425,13055,28.3,34440
426,13057,11,67686
427,13059,37.2,32864
428,13061,35.5,27102
429,13063,25.4,40606
430,13065,33.5,30094
431,13067,13.8,62866
432,13069,28.2,33615
433,13071,25.9,33095
434,13073,8.3,72531
435,13075,25.3,32327
436,13077,13.7,61469
437,13079,21.5,43392
438,13081,30.7,30481
439,13083,16.7,43446
440,13085,15.2,52804
441,13087,26.6,34102
442,13089,19.9,49894
443,13091,25.9,33893
444,13093,30.9,31620
445,13095,31.3,31575
446,13097,17.9,51941
447,13099,27.4,32357
448,13101,28.3,34809
449,13103,11.8,61062
450,13105,23.4,34487
451,13107,34.1,30348
452,13109,27.9,32838
453,13111,22.5,35673
454,13113,7.2,81368
455,13115,22.2,39381
456,13117,7.7,87565
457,13119,20.9,40114
458,13121,18.2,55474
459,13123,25.1,39323
460,13125,19.2,37955
461,13127,20.3,43533
462,13129,18.4,42291
463,13131,25.7,35212
464,13133,23.1,42842
465,13135,13.7,59081
466,13137,21.2,40530
467,13139,20.8,46986
468,13141,38.5,26281
469,13143,22.2,39548
470,13145,10.6,60977
471,13147,20.8,40225
472,13149,20.3,40123
473,13151,11.6,60087
474,13153,15.4,52297
475,13155,26.5,35854
476,13157,14,52385
477,13159,19.7,42343
478,13161,22.7,34481
479,13163,27.5,29152
480,13165,38.3,28445
481,13167,31.3,29565
482,13169,16.3,51650
483,13171,19.7,40915
484,13173,27.2,35101
485,13175,29.1,33974
486,13177,11.6,63272
487,13179,20,40175
488,13181,22.3,35683
489,13183,21.8,41147
490,13185,26.3,37138
491,13187,21.5,42919
492,13189,23.7,37328
493,13191,23.1,36346
494,13193,33.5,28844
495,13195,18.7,43611
496,13197,24.7,34680
497,13199,27.2,34962
498,13201,26,32535
499,13205,32.8,32280
500,13207,13.9,54793
501,13209,25.5,37128
502,13211,17.1,48337
503,13213,21.9,40343
504,13215,22.9,40414
505,13217,15,50862
506,13219,8.6,72478
507,13221,17.6,44026
508,13223,11.6,60008
509,13225,21.1,42602
510,13227,15.1,53332
511,13229,21.8,36214
512,13231,13.8,52393
513,13233,22.5,38730
514,13235,23.5,37012
515,13237,19,42934
516,13239,26.9,29111
517,13241,19.4,38114
518,13243,31.7,28105
519,13245,27.7,36069
520,13247,16.8,50646
521,13249,20.1,38944
522,13251,27.9,35087
523,13253,27.3,34814
524,13255,21.1,39068
525,13257,20.4,36318
526,13259,38.7,28304
527,13261,36.1,32474
528,13263,24.5,33168
529,13265,31,28917
530,13267,28.3,35983
531,13269,29.1,30538
532,13271,32.8,28334
533,13273,30.4,31826
534,13275,20.4,38914
535,13277,31.3,33902
536,13279,28.3,32311
537,13281,18.1,39854
538,13283,30.9,31917
539,13285,23.8,42044
540,13287,30.5,31817
541,13289,22.9,36107
542,13291,16.9,39677
543,13293,22.3,34709
544,13295,17.3,40512
545,13297,14.2,54294
546,13299,27.6,32211
547,13301,27.5,30967
548,13303,26.5,36807
549,13305,25.3,38081
550,13307,23,34374
551,13309,45,30779
552,13311,19,41337
553,13313,19.9,39946
554,13315,33.2,33308
555,13317,24,33662
556,13319,23.6,35745
557,13321,23.1,36616
558,15000,11.2,67798
559,15001,19.5,47377
560,15003,9.6,72649
561,15005,.,.
562,15007,11.8,55844
563,15009,10.7,62277
564,16000,15.6,46621
565,16001,13.6,53420
566,16003,17.3,37630
567,16005,17.7,42665
568,16007,13,45589
569,16009,16.5,39530
570,16011,14.1,47721
571,16013,9.9,67936
572,16015,14.9,48974
573,16017,17,41797
574,16019,12,50559
575,16021,17.8,39681
576,16023,17.1,41739
577,16025,13.1,47911
578,16027,20.1,42237
579,16029,11.1,54579
580,16031,15.3,44160
581,16033,17.5,42940
582,16035,17.8,40068
583,16037,14.3,41522
584,16039,16.6,42680
585,16041,12.3,44790
586,16043,16.7,44130
587,16045,18.4,44173
588,16047,16.3,41310
589,16049,15.8,39434
590,16051,13.1,52950
591,16053,15.3,41595
592,16055,13.3,51681
593,16057,18.1,43699
594,16059,18,38367
595,16061,17,41190
596,16063,15.6,42625
597,16065,29.1,37142
598,16067,14.4,41968
599,16069,13.4,46753
600,16071,13.8,45040
601,16073,18.4,35017
602,16075,17.6,43642
603,16077,17.6,44450
604,16079,19.4,37431
605,16081,12.8,52650
606,16083,16,44602
607,16085,11.7,48879
608,16087,17.9,37539
609,17000,14.6,56212
610,17001,15.9,43604
611,17003,33,30141
612,17005,16,48464
613,17007,10.2,59537
614,17009,16,46522
615,17011,12,49062
616,17013,12,48504
617,17015,14,43643
618,17017,12.9,45257
619,17019,21.6,46917
620,17021,13.1,49391
621,17023,13.7,46287
622,17025,14.2,42369
623,17027,9.5,61843
624,17029,19.8,39353
625,17031,17.8,53795
626,17033,14,47517
627,17035,12.1,47382
628,17037,18.7,54204
629,17039,13.8,53303
630,17041,10.7,49179
631,17043,7,76269
632,17045,18.5,44433
633,17047,12.7,45675
634,17049,11.1,50900
635,17051,16.9,43014
636,17053,11.4,52375
637,17055,20,35681
638,17057,14.8,46342
639,17059,17.1,40349
640,17061,18.3,41588
641,17063,8,68474
642,17065,14.9,42330
643,17067,12.2,47965
644,17069,20.3,36567
645,17071,12.8,45022
646,17073,11.2,52117
647,17075,14,46977
648,17077,29.5,34243
649,17079,10.5,52187
650,17081,18.4,40663
651,17083,10.5,54331
652,17085,10.2,49573
653,17087,17.9,39965
654,17089,10.9,71444
655,17091,16.7,49584
656,17093,5.8,79648
657,17095,19.6,39494
658,17097,9.5,75106
659,17099,13.8,49487
660,17101,18.2,39670
661,17103,12.4,53126
662,17105,12.5,52819
663,17107,13.6,50991
664,17109,21.1,41661
665,17111,7.1,75713
666,17113,13.8,62261
667,17115,18.1,46179
668,17117,13.9,50089
669,17119,13.7,53864
670,17121,19.2,40969
671,17123,10.2,50899
672,17125,14,45563
673,17127,17.5,41373
674,17129,10.8,60151
675,17131,9.7,53626
676,17133,4.9,71604
677,17135,16.1,42614
678,17137,16,48223
679,17139,12.4,47645
680,17141,13,51334
681,17143,17,49827
682,17145,17.6,41931
683,17147,7.2,66279
684,17149,17.3,39430
685,17151,19.9,38676
686,17153,21.5,34828
687,17155,9,58438
688,17157,14.1,44991
689,17159,16.4,41985
690,17161,15.8,48160
691,17163,18.3,48343
692,17165,18.6,39281
693,17167,15.2,55255
694,17169,13.2,49808
695,17171,13.3,46004
696,17173,12.6,50569
697,17175,11,52428
698,17177,18.6,42897
699,17179,8.9,57544
700,17181,16.7,42799
701,17183,19.6,44085
702,17185,14.6,47351
703,17187,15.1,45770
704,17189,9.9,53967
705,17191,17.4,42896
706,17193,15.5,42621
707,17195,12.1,50489
708,17197,8.5,74669
709,17199,16.2,44041
710,17201,16.3,47214
711,17203,7,67036
712,18000,15.8,47508
713,18001,15.5,48001
714,18003,17,45587
715,18005,11.6,54341
716,18007,11.9,49318
717,18009,15.4,39373
718,18011,7.3,68047
719,18013,13.4,51074
720,18015,10.9,52587
721,18017,13.8,41611
722,18019,11.7,50296
723,18021,15,47030
724,18023,14.4,47279
725,18025,19.3,38014
726,18027,13.9,45578
727,18029,10.8,55077
728,18031,12.9,47666
729,18033,12.9,50279
730,18035,23,37116
731,18037,8.9,55606
732,18039,15.5,46123
733,18041,17.3,40212
734,18043,13.1,55844
735,18045,13.8,42732
736,18047,11.4,53538
737,18049,16.3,44337
738,18051,12,48579
739,18053,21.7,39325
740,18055,13.7,43786
741,18057,5.5,84022
742,18059,6.5,67738
743,18061,13,50321
744,18063,6.4,68575
745,18065,17.2,42133
746,18067,15.8,45211
747,18069,13,44828
748,18071,12.9,49614
749,18073,10.7,53757
750,18075,16,41847
751,18077,15.3,44569
752,18079,16.9,44554
753,18081,11.8,58936
754,18083,15.9,44091
755,18085,12.7,51603
756,18087,12.7,51810
757,18089,17.8,48341
758,18091,17,46610
759,18093,12.9,44435
760,18095,19.6,41117
761,18097,21.3,41478
762,18099,13.8,45855
763,18101,14.9,46839
764,18103,17.7,43694
765,18105,24,42404
766,18107,12.5,50889
767,18109,12.7,56491
768,18111,11.4,53715
769,18113,13.6,48789
770,18115,10.5,50518
771,18117,16.8,39411
772,18119,15,42994
773,18121,17.2,41964
774,18123,14.2,45722
775,18125,12.3,45679
776,18127,11.7,64530
777,18129,9.6,58477
778,18131,14.3,44821
779,18133,13.2,51052
780,18135,18.1,41057
781,18137,10.2,47495
782,18139,12.8,46910
783,18141,20.1,40978
784,18143,17,43650
785,18145,12.6,49657
786,18147,10.5,50533
787,18149,19.4,39552
788,18151,12.3,46275
789,18153,18.3,41978
790,18155,19.9,43243
791,18157,19.6,47808
792,18159,10.3,53185
793,18161,13.1,45411
794,18163,18.7,42014
795,18165,13.9,40813
796,18167,23.9,39014
797,18169,14.2,45833
798,18171,9.9,53623
799,18173,7.9,61820
800,18175,15.5,43981
801,18177,23,36623
802,18179,11.8,49452
803,18181,12.4,48581
804,18183,8.9,52673
805,19000,12.6,52286
806,19001,10.1,47905
807,19003,13.2,44004
808,19005,13.9,44673
809,19007,17.2,37683
810,19009,11.2,47227
811,19011,8.8,59179
812,19013,16.7,46281
813,19015,11.3,52578
814,19017,6.5,61665
815,19019,9.2,54383
816,19021,12.5,47514
817,19023,9.3,53920
818,19025,14,47351
819,19027,9.5,51328
820,19029,14.8,45191
821,19031,7.4,58530
822,19033,11.9,46063
823,19035,11.1,51655
824,19037,10.6,50342
825,19039,13.3,42776
826,19041,10.7,51399
827,19043,12,48626
828,19045,13.9,49702
829,19047,13,48555
830,19049,6,79309
831,19051,16.5,44477
832,19053,21.6,37534
833,19055,10.1,54587
834,19057,12.3,42882
835,19059,8.7,58610
836,19061,12.8,51907
837,19063,14.7,46892
838,19065,13.9,44739
839,19067,12.1,48964
840,19069,13.6,47879
841,19071,13.1,50934
842,19073,12.8,47936
843,19075,6.9,61381
844,19077,10.3,53708
845,19079,10.1,50867
846,19081,10.1,54835
847,19083,11,51907
848,19085,10.6,53764
849,19087,14.2,50084
850,19089,11.9,45975
851,19091,11.2,52286
852,19093,11.5,51948
853,19095,10.1,58028
854,19097,11.8,46180
855,19099,9.8,55492
856,19101,16.1,41942
857,19103,16,53204
858,19105,10.2,54749
859,19107,13.3,47626
860,19109,9.8,55972
861,19111,16.2,45307
862,19113,9.7,56503
863,19115,11.3,51387
864,19117,15.1,41011
865,19119,7.6,60548
866,19121,8.4,59074
867,19123,14,48978
868,19125,9.3,56883
869,19127,13.4,51382
870,19129,10,56504
871,19131,10.2,53049
872,19133,12.5,41461
873,19135,12.6,49012
874,19137,15,44669
875,19139,12.7,54025
876,19141,9.4,57287
877,19143,9.1,51017
878,19145,17.3,47438
879,19147,10.8,49536
880,19149,8.3,58113
881,19151,11.5,50401
882,19153,12.4,59388
883,19155,13.6,50570
884,19157,12,50799
885,19159,16.4,47319
886,19161,10.6,51399
887,19163,14.2,54444
888,19165,9.4,54740
889,19167,8.2,61817
890,19169,21.1,53782
891,19171,11.5,53844
892,19173,14.1,45009
893,19175,13.5,43357
894,19177,16.2,43019
895,19179,19.9,40629
896,19181,7,66328
897,19183,9.3,54480
898,19185,14.2,38981
899,19187,15.9,45202
900,19189,11.1,50383
901,19191,10.9,53194
902,19193,16.5,45678
903,19195,10.9,49605
904,19197,10.6,49369
905,20000,13.9,50892
906,20001,17.5,40073
907,20003,15.4,42386
908,20005,17.9,44180
909,20007,12.7,50097
910,20009,15,42464
911,20011,19.4,35990
912,20013,14.7,41426
913,20015,11.3,56456
914,20017,11.6,44300
915,20019,15.8,38973
916,20021,18.9,40310
917,20023,12.5,39317
918,20025,12.3,42866
919,20027,11.9,48178
920,20029,14.3,40663
921,20031,10.8,53487
922,20033,11.3,44076
923,20035,18.3,42341
924,20037,22.2,36958
925,20039,13.8,37789
926,20041,10.9,49033
927,20043,14.3,46338
928,20045,16.6,51221
929,20047,11.8,45687
930,20049,18.2,37537
931,20051,14.4,47454
932,20053,11.4,48030
933,20055,16.8,46984
934,20057,14,46444
935,20059,14.1,48297
936,20061,15.8,41048
937,20063,10.5,48042
938,20065,13.3,44422
939,20067,11.7,54952
940,20069,9.4,56615
941,20071,10,50637
942,20073,15.7,35803
943,20075,13.8,42263
944,20077,14.9,43066
945,20079,11.3,54135
946,20081,11.5,53076
947,20083,9.7,49119
948,20085,10.4,50661
949,20087,10.1,54890
950,20089,13.7,41924
951,20091,6.1,74135
952,20093,12.2,54399
953,20095,12.2,51281
954,20097,11.5,45417
955,20099,16.4,38542
956,20101,9.6,52915
957,20103,11.2,65424
958,20105,13.2,42521
959,20107,15.1,44036
960,20109,10.1,46375
961,20111,21.2,39483
962,20113,9.4,52734
963,20115,12.8,45319
964,20117,10.5,50087
965,20119,10.3,53942
966,20121,9.4,59706
967,20123,12.2,46181
968,20125,16.6,39045
969,20127,13,46404
970,20129,11.9,51157
971,20131,9.8,50006
972,20133,18.7,41877
973,20135,10.8,49432
974,20137,14.2,42389
975,20139,12.7,48991
976,20141,15.2,38493
977,20143,9.3,52041
978,20145,14.5,45331
979,20147,12.3,44080
980,20149,9.4,59856
981,20151,12.4,50970
982,20153,12.2,45901
983,20155,14.9,44099
984,20157,12.8,39819
985,20159,13.5,45389
986,20161,21.8,46267
987,20163,13.8,40870
988,20165,12.5,42867
989,20167,17.1,39520
990,20169,14.4,48505
991,20171,8.6,51013
992,20173,16,48671
993,20175,18.2,45349
994,20177,16.8,50042
995,20179,11.2,50961
996,20181,15.4,38025
997,20183,12.7,39696
998,20185,14.5,42430
999,20187,12.5,49977
1000,20189,10.9,57483
1001,20191,13.4,50844
1002,20193,11.1,47654
1003,20195,10.3,43668
1004,20197,9.4,54414
1005,20199,12.4,46082
1006,20201,10.5,43897
1007,20203,11.2,51286
1008,20205,18.4,41073
1009,20207,17.4,40971
1010,20209,25.6,38728
1011,21000,18.8,43307
1012,21001,25,31710
1013,21003,20.6,39798
1014,21005,11.4,52852
1015,21007,17.1,42712
1016,21009,20.7,38370
1017,21011,26.5,33752
1018,21013,35.7,25761
1019,21015,8.7,65274
1020,21017,16.5,40045
1021,21019,20.3,41443
1022,21021,17.2,43585
1023,21023,16.2,43222
1024,21025,33.9,26869
1025,21027,19.2,40107
1026,21029,10.2,57462
1027,21031,22.1,36670
1028,21033,19,37317
1029,21035,22.8,37977
1030,21037,14.8,53321
1031,21039,17.5,38283
1032,21041,21,41792
1033,21043,22.5,34767
1034,21045,29.7,29303
1035,21047,18.1,41333
1036,21049,17.1,45516
1037,21051,42.8,24173
1038,21053,27.6,27443
1039,21055,22.2,37372
1040,21057,26.2,30043
1041,21059,15.3,46908
1042,21061,21.2,36324
1043,21063,33.1,29544
1044,21065,28.1,30388
1045,21067,19,47959
1046,21069,23.2,35454
1047,21071,30.6,31229
1048,21073,16.9,46309
1049,21075,29.2,28550
1050,21077,16.3,44142
1051,21079,19.3,42853
1052,21081,20.1,43861
1053,21083,19.3,39960
1054,21085,25.1,32813
1055,21087,23.1,32309
1056,21089,19,44581
1057,21091,15.4,50809
1058,21093,14.4,48327
1059,21095,30.5,25460
1060,21097,17.4,42228
1061,21099,27.9,33588
1062,21101,19.5,42492
1063,21103,15.4,48245
1064,21105,19.8,38733
1065,21107,17.5,40782
1066,21109,30.3,28759
1067,21111,16.1,47495
1068,21113,15.4,52011
1069,21115,25.7,34593
1070,21117,13.4,53949
1071,21119,28.3,32294
1072,21121,35.2,26220
1073,21123,18.3,41537
1074,21125,22.2,35372
1075,21127,25.2,33469
1076,21129,35.1,25767
1077,21131,29.2,29008
1078,21133,27.1,31799
1079,21135,27,30443
1080,21137,23.1,35092
1081,21139,15.9,41177
1082,21141,19.7,39513
1083,21143,17.4,43311
1084,21145,19.8,42069
1085,21147,40.7,24406
1086,21149,18.1,38128
1087,21151,19.8,44845
1088,21153,29,29817
1089,21155,18.5,39665
1090,21157,12.7,44157
1091,21159,40.5,26931
1092,21161,20.7,42329
1093,21163,15.4,45984
1094,21165,28.3,30047
1095,21167,16.4,43903
1096,21169,27.7,30899
1097,21171,23.8,29900
1098,21173,20,41326
1099,21175,29.4,31579
1100,21177,25.1,37048
1101,21179,14.7,49444
1102,21181,20.6,37006
1103,21183,19.1,40622
1104,21185,6.1,86580
1105,21187,19.1,42134
1106,21189,42,22715
1107,21191,16.1,45570
1108,21193,26.9,32300
1109,21195,23,35071
1110,21197,29.6,31923
1111,21199,25.2,34355
1112,21201,23.4,38101
1113,21203,25.6,33131
1114,21205,24.7,37690
1115,21207,25.5,30985
1116,21209,10.5,61906
1117,21211,12.6,56808
1118,21213,18.5,39117
1119,21215,9.3,66711
1120,21217,20.7,36599
1121,21219,20.5,38533
1122,21221,18.3,43416
1123,21223,16.1,45394
1124,21225,18.7,44595
1125,21227,18.4,48137
1126,21229,16.8,42500
1127,21231,27.5,29878
1128,21233,17,40881
1129,21235,26.3,30878
1130,21237,36.4,25657
1131,21239,11,59233
1132,22000,20,44234
1133,22001,19,38788
1134,22003,19.8,38122
1135,22005,11.1,70303
1136,22007,18.2,44749
1137,22009,23.8,33240
1138,22011,16.6,46225
1139,22013,23.9,33790
1140,22015,14.6,51899
1141,22017,22,39776
1142,22019,16.6,43779
1143,22021,23.4,35987
1144,22023,13.3,51709
1145,22025,24.3,33557
1146,22027,30.7,34390
1147,22029,30.6,30432
1148,22031,23.5,39403
1149,22033,20.8,47770
1150,22035,44.8,26781
1151,22037,20.6,41578
1152,22039,27.6,32130
1153,22041,29.1,31243
1154,22043,21.2,41208
1155,22045,20.2,41185
1156,22047,25.7,40449
1157,22049,21.2,35730
1158,22051,18.9,46547
1159,22053,18,40760
1160,22055,15.6,54978
1161,22057,16.5,52115
1162,22059,20.9,42104
1163,22061,32.2,34667
1164,22063,14.3,53118
1165,22065,40.8,26745
1166,22067,27.6,28951
1167,22069,27.7,35165
1168,22071,26.6,36240
1169,22073,23.8,39976
1170,22075,15.4,51306
1171,22077,20.2,42129
1172,22079,19.7,39411
1173,22081,23.5,35762
1174,22083,27.5,32477
1175,22085,21.8,37864
1176,22087,21.9,40705
1177,22089,13.8,56163
1178,22091,25.8,34229
1179,22093,16.2,48358
1180,22095,18.5,47389
1181,22097,27.1,33781
1182,22099,19.4,42110
1183,22101,22.3,39608
1184,22103,11,61655
1185,22105,22.2,40228
1186,22107,33.3,28021
1187,22109,15.2,51716
1188,22111,24.6,35825
1189,22113,18.6,43434
1190,22115,17.3,42772
1191,22117,25.4,31630
1192,22119,23.7,35762
1193,22121,16.4,48848
1194,22123,23.4,34611
1195,22125,24.4,52626
1196,22127,27.3,35674
1197,23000,14,47095
1198,23001,16.5,44097
1199,23003,16.4,37092
1200,23005,12.1,55020
1201,23007,15.5,41154
1202,23009,14.3,44463
1203,23011,14.8,45151
1204,23013,14.1,48352
1205,23015,13.3,48908
1206,23017,15,38932
1207,23019,15.9,43615
1208,23021,17.6,36553
1209,23023,12.1,52279
1210,23025,17.8,38279
1211,23027,16.8,43203
1212,23029,18.8,35754
1213,23031,10,55163
1214,24000,10.2,72482
1215,24001,18.6,39994
1216,24003,7.3,85685
1217,24005,9.5,64624
1218,24009,6.9,91993
1219,24011,16.7,46015
1220,24013,6.8,82073
1221,24015,9.8,64880
1222,24017,8,87577
1223,24019,17.7,42542
1224,24021,6.9,83489
1225,24023,15.9,44404
1226,24025,7.4,77453
1227,24027,5.3,108503
1228,24029,14.9,55695
1229,24031,7,97873
1230,24033,9.9,71682
1231,24035,8.4,80143
1232,24037,8.2,78274
1233,24039,28.5,36106
1234,24041,10.9,57525
1235,24043,12,55643
1236,24045,16.5,47536
1237,24047,13.1,52276
1238,24510,22.7,41988
1239,25000,11.9,66794
1240,25001,9.6,60685
1241,25003,12.8,51431
1242,25005,14.1,53626
1243,25007,9,58276
1244,25009,11.6,67235
1245,25011,12.6,51828
1246,25013,17.9,48560
1247,25015,13.1,61911
1248,25017,8.7,82118
1249,25019,8.8,71259
1250,25021,6.9,83830
1251,25023,8,75264
1252,25025,20.4,54164
1253,25027,13,62268
1254,26000,17,48200
1255,26001,16.4,36334
1256,26003,15.8,38821
1257,26005,13.3,55274
1258,26007,17.9,38784
1259,26009,14,46890
1260,26011,18.2,38201
1261,26013,16.6,40402
1262,26015,11.2,51040
1263,26017,16.9,42305
1264,26019,13.1,43145
1265,26021,16.9,44291
1266,26023,16.9,43947
1267,26025,18.7,44343
1268,26027,17.2,42875
1269,26029,14.9,45629
1270,26031,18.7,37949
1271,26033,16.6,45416
1272,26035,24.1,33605
1273,26037,9.8,61733
1274,26039,17.6,37627
1275,26041,16.1,41287
1276,26043,15.3,43290
1277,26045,11.5,53764
1278,26047,11.3,48399
1279,26049,21.7,41393
1280,26051,21,35049
1281,26053,23,33679
1282,26055,11.6,50755
1283,26057,19.5,42026
1284,26059,18.2,40363
1285,26061,21.9,36947
1286,26063,15.7,41044
1287,26065,22.4,44979
1288,26067,13.3,49047
1289,26069,19.9,36103
1290,26071,15.2,34698
1291,26073,28.8,39991
1292,26075,18.9,45002
1293,26077,17.7,46445
1294,26079,17.9,39269
1295,26081,14.8,51997
1296,26083,14,37229
1297,26085,31,30656
1298,26087,11.1,53506
1299,26089,10.2,56335
1300,26091,16,46693
1301,26093,6.4,71075
1302,26095,23.4,38284
1303,26097,14.6,38839
1304,26099,13.4,52954
1305,26101,17.9,41258
1306,26103,15.4,45170
1307,26105,15.7,40438
1308,26107,23.6,39764
1309,26109,16.2,40866
1310,26111,14.7,53007
1311,26113,15.6,40226
1312,26115,12.5,55745
1313,26117,18.8,40790
1314,26119,20.4,33742
1315,26121,20.4,41556
1316,26123,17.2,43238
1317,26125,10.2,67281
1318,26127,18.3,43134
1319,26129,22.2,34778
1320,26131,16.4,33116
1321,26133,22.4,38407
1322,26135,19.9,31094
1323,26137,13.6,47016
1324,26139,11.3,57994
1325,26141,15.6,38648
1326,26143,22.2,31690
1327,26145,18.7,41510
1328,26147,15.8,49949
1329,26149,17.4,43891
1330,26151,15.8,41502
1331,26153,18,38514
1332,26155,15.9,43839
1333,26157,16.6,41441
1334,26159,17.8,44782
1335,26161,16.3,59965
1336,26163,25.1,40485
1337,26165,19.8,39566
1338,27000,11.2,60664
1339,27001,13.3,41784
1340,27003,7.6,70619
1341,27005,13.5,49183
1342,27007,20.2,42364
1343,27009,11.9,51564
1344,27011,12.8,44637
1345,27013,17,51283
1346,27015,9.6,52061
1347,27017,12.1,52670
1348,27019,4.9,86759
1349,27021,15.3,48367
1350,27023,11.1,55232
1351,27025,6.8,71397
1352,27027,12.4,52567
1353,27029,16.4,44123
1354,27031,10.1,48124
1355,27033,14.5,45453
1356,27035,11.3,48661
1357,27037,8.4,73833
1358,27039,7.3,73799
1359,27041,10.4,52122
1360,27043,11.5,47191
1361,27045,10.7,51323
1362,27047,10.5,47698
1363,27049,9.3,61428
1364,27051,10.7,49618
1365,27053,12.2,64331
1366,27055,10.4,51160
1367,27057,13.4,46530
1368,27059,8.4,58436
1369,27061,13.1,46834
1370,27063,9.6,56397
1371,27065,14.2,46940
1372,27067,11.9,53290
1373,27069,10.1,48458
1374,27071,16.9,44817
1375,27073,10.5,46805
1376,27075,11.1,50875
1377,27077,12.4,42644
1378,27079,8.9,60190
1379,27081,11.4,48205
1380,27083,12.8,51011
1381,27085,8.8,54971
1382,27087,24.3,39706
1383,27089,9.2,53692
1384,27091,11.6,51118
1385,27093,9.4,55327
1386,27095,12.1,48978
1387,27097,12.2,48716
1388,27099,13.7,50479
1389,27101,9.6,53300
1390,27103,11.4,58620
1391,27105,14.2,50936
1392,27107,13.6,45276
1393,27109,8.3,65829
1394,27111,11.8,48157
1395,27113,10.7,47300
1396,27115,15.7,43026
1397,27117,12.4,47613
1398,27119,13.3,52706
1399,27121,11,55404
1400,27123,16.2,56293
1401,27125,11.2,45019
1402,27127,10.2,50453
1403,27129,11.8,53823
1404,27131,11.6,58644
1405,27133,10.5,54045
1406,27135,8.7,51576
1407,27137,16.5,46022
1408,27139,5.9,85481
1409,27141,6.5,74915
1410,27143,9.8,56007
1411,27145,12.7,56705
1412,27147,10.7,53932
1413,27149,14,56140
1414,27151,10.3,52083
1415,27153,13.5,43974
1416,27155,11.9,50451
1417,27157,9.4,52617
1418,27159,15.5,39805
1419,27161,10.3,53448
1420,27163,5.8,81052
1421,27165,11.2,48064
1422,27167,11,52849
1423,27169,14.4,49636
1424,27171,7.1,71999
1425,27173,10.8,50311
1426,28000,23.9,38191
1427,28001,30.9,31385
1428,28003,24.8,33467
1429,28005,24.1,33571
1430,28007,26.7,31644
1431,28009,27.8,30198
1432,28011,37.7,29622
1433,28013,25.8,32656
1434,28015,18.7,37283
1435,28017,24.4,32525
1436,28019,25.9,32922
1437,28021,40.9,25438
1438,28023,21.8,34141
1439,28025,31,30935
1440,28027,39.5,27500
1441,28029,29.6,32060
1442,28031,28.2,32999
1443,28033,12,59043
1444,28035,28,34391
1445,28037,23.1,35963
1446,28039,18.8,43597
1447,28041,23.7,38192
1448,28043,25.2,31703
1449,28045,20.2,43870
1450,28047,22.7,41657
1451,28049,29.7,34826
1452,28051,45.7,22674
1453,28053,48.3,22599
1454,28055,42.5,31254
1455,28057,19.4,39927
1456,28059,16.4,47813
1457,28061,24.2,33606
1458,28063,35.4,26401
1459,28065,30.1,27754
1460,28067,21.6,36204
1461,28069,30.4,30849
1462,28071,27.8,40749
1463,28073,16.4,51337
1464,28075,26.2,35038
1465,28077,20.2,36317
1466,28079,27.9,34099
1467,28081,18,43221
1468,28083,44.8,24704
1469,28085,26.9,33632
1470,28087,23.5,38839
1471,28089,12.7,64657
1472,28091,27.5,32628
1473,28093,23.4,36728
1474,28095,22.8,36264
1475,28097,23.7,30128
1476,28099,24.9,34719
1477,28101,22.1,36904
1478,28103,38.6,26459
1479,28105,31.2,33594
1480,28107,25.9,33129
1481,28109,23.4,41706
1482,28111,24,34771
1483,28113,28.9,30835
1484,28115,16.3,40245
1485,28117,21.1,34219
1486,28119,43.5,26100
1487,28121,11.6,55838
1488,28123,27.2,31850
1489,28125,38.5,27380
1490,28127,26.9,35039
1491,28129,20.4,36581
1492,28131,22.4,40294
1493,28133,37.8,28562
1494,28135,36.2,29780
1495,28137,19.4,40624
1496,28139,24.4,35908
1497,28141,18.8,35891
1498,28143,32.2,30033
1499,28145,18.8,40148
1500,28147,25,30289
1501,28149,26.2,41883
1502,28151,34.8,28948
1503,28153,25.7,31688
1504,28155,22.9,34930
1505,28157,35.2,26373
1506,28159,29.5,30961
1507,28161,26.9,32660
1508,28163,41.8,28757
1509,29000,15.8,46905
1510,29001,24.9,35282
1511,29003,10.1,54185
1512,29005,13.2,43215
1513,29007,19.7,41164
1514,29009,20.2,36573
1515,29011,18.5,37723
1516,29013,21.6,38586
1517,29015,23.1,32563
1518,29017,19.6,37627
1519,29019,19.8,49118
1520,29021,17.8,43461
1521,29023,22,35381
1522,29025,15.3,41546
1523,29027,13.8,45573
1524,29029,18,41314
1525,29031,15.8,44248
1526,29033,17.7,41279
1527,29035,23.7,30017
1528,29037,9.2,63031
1529,29039,25.5,30816
1530,29041,16.8,40352
1531,29043,11.4,51394
1532,29045,17.5,39712
1533,29047,10,60641
1534,29049,11.5,52461
1535,29051,13.7,52023
1536,29053,15.5,44397
1537,29055,20.1,37299
1538,29057,18.4,36720
1539,29059,21.7,37540
1540,29061,18.9,38332
1541,29063,17.2,44286
1542,29065,23,34761
1543,29067,22.5,31289
1544,29069,27,32050
1545,29071,10.8,51138
1546,29073,15.8,41270
1547,29075,16.1,39265
1548,29077,20.2,38525
1549,29079,21.4,37172
1550,29081,19,36229
1551,29083,18.4,39666
1552,29085,24.7,30040
1553,29087,13.1,41213
1554,29089,15.9,41356
1555,29091,27.6,31665
1556,29093,22,32994
1557,29095,17.2,46802
1558,29097,18.3,40530
1559,29099,11.5,55305
1560,29101,17.7,45011
1561,29103,21.3,34894
1562,29105,22.1,36632
1563,29107,12.7,46878
1564,29109,18.6,38724
1565,29111,17.5,41187
1566,29113,11.9,54144
1567,29115,19.6,37773
1568,29117,17.2,38839
1569,29119,20.7,35915
1570,29121,18.8,38110
1571,29123,21.4,33631
1572,29125,17.5,40404
1573,29127,16.8,40981
1574,29129,17.6,38726
1575,29131,20.5,36552
1576,29133,36.3,31421
1577,29135,14.1,46123
1578,29137,15.7,38940
1579,29139,15.3,39750
1580,29141,22,32761
1581,29143,23.7,34927
1582,29145,16.1,41440
1583,29147,18.5,41952
1584,29149,26.4,29464
1585,29151,10.1,48990
1586,29153,26.2,30799
1587,29155,31.4,28664
1588,29157,12.7,53798
1589,29159,20.1,39527
1590,29161,16.4,38930
1591,29163,19.8,39499
1592,29165,7.7,68411
1593,29167,20,38023
1594,29169,15.1,49499
1595,29171,17.9,34106
1596,29173,11.4,49393
1597,29175,22.4,38988
1598,29177,13.2,52430
1599,29179,23.3,32089
1600,29181,23.6,30843
1601,29183,6.4,70468
1602,29185,26.4,30612
1603,29186,12.3,48266
1604,29187,20.7,37696
1605,29189,10.9,59284
1606,29195,18.4,38230
1607,29197,21.2,36029
1608,29199,17.6,36511
1609,29201,18.4,40441
1610,29203,31.5,26538
1611,29205,17.2,40420
1612,29207,16.3,37689
1613,29209,16.1,39018
1614,29211,16.5,37039
1615,29213,19.7,34860
1616,29215,25.4,34266
1617,29217,21.5,35090
1618,29219,11.7,52517
1619,29221,26.2,33491
1620,29223,26.3,31208
1621,29225,19.5,44069
1622,29227,15,37832
1623,29229,29.1,29605
1624,29510,27.2,34346
1625,30000,16.1,46893
1626,30001,17.1,40054
1627,30003,27.6,38026
1628,30005,28.2,35215
1629,30007,13.3,46246
1630,30009,12.6,46413
1631,30011,15.5,39017
1632,30013,15.7,43674
1633,30015,21.8,41177
1634,30017,12.8,43958
1635,30019,9.3,51400
1636,30021,11.9,50650
1637,30023,17.7,37542
1638,30025,7.8,59083
1639,30027,14.4,41111
1640,30029,16.7,46885
1641,30031,14,56680
1642,30033,17.3,38663
1643,30035,31,33648
1644,30037,19.6,36747
1645,30039,15.9,41391
1646,30041,18.5,43244
1647,30043,10.5,59001
1648,30045,14.3,41731
1649,30047,20.3,39219
1650,30049,12.6,53982
1651,30051,23,39073
1652,30053,17.6,34926
1653,30055,15.5,41918
1654,30057,12.2,44046
1655,30059,19.6,35694
1656,30061,18.1,36169
1657,30063,17.4,45895
1658,30065,17,39403
1659,30067,13.8,42439
1660,30069,14.8,37276
1661,30071,18.1,40202
1662,30073,20.1,40694
1663,30075,12.4,43107
1664,30077,20,39820
1665,30079,12.7,41843
1666,30081,19.8,39487
1667,30083,7.7,64171
1668,30085,26.6,34291
1669,30087,19.5,50597
1670,30089,21.9,34847
1671,30091,10.4,50292
1672,30093,20,40691
1673,30095,9.5,58109
1674,30097,12.2,43146
1675,30099,15.1,43828
1676,30101,16.9,44252
1677,30103,11.3,48282
1678,30105,13.3,45747
1679,30107,19.7,32519
1680,30109,11,43722
1681,30111,12.9,52079
1682,31000,12.9,51502
1683,31001,11.4,52267
1684,31003,12.8,48814
1685,31005,9.2,39874
1686,31007,12.3,46769
1687,31009,18,38323
1688,31011,9.9,50156
1689,31013,12.9,54120
1690,31015,13.9,39838
1691,31017,13.8,39861
1692,31019,12.7,52333
1693,31021,11.7,47749
1694,31023,9.8,46211
1695,31025,8.2,63738
1696,31027,9.4,56300
1697,31029,9.8,52924
1698,31031,13.5,43229
1699,31033,9.9,53430
1700,31035,11.4,50587
1701,31037,10.1,51103
1702,31039,9.8,50252
1703,31041,13.1,44608
1704,31043,14.4,45631
1705,31045,17.5,39507
1706,31047,14.8,44976
1707,31049,12.8,48523
1708,31051,10.2,47637
1709,31053,11.3,48671
1710,31055,15.2,51959
1711,31057,13.6,47098
1712,31059,9,52606
1713,31061,13,44871
1714,31063,13.4,48258
1715,31065,14.2,41446
1716,31067,11.3,45212
1717,31069,15.9,38837
1718,31071,12.9,40758
1719,31073,9.9,58357
1720,31075,11.1,44778
1721,31077,13.6,42743
1722,31079,14.9,49750
1723,31081,8.8,54663
1724,31083,12.1,45806
1725,31085,14.6,51101
1726,31087,15,40217
1727,31089,13,44518
1728,31091,9.9,39377
1729,31093,10.9,49496
1730,31095,12.7,46252
1731,31097,14.8,46456
1732,31099,9.2,57823
1733,31101,13.9,42851
1734,31103,19.4,41491
1735,31105,13.6,45023
1736,31107,15.1,41066
1737,31109,14.8,52275
1738,31111,12.6,52395
1739,31113,10.6,48688
1740,31115,16.7,41192
1741,31117,14.9,40834
1742,31119,12.5,45738
1743,31121,11.1,50317
1744,31123,13.4,47296
1745,31125,12.6,45091
1746,31127,13.2,48892
1747,31129,11.6,44139
1748,31131,9.8,52565
1749,31133,15.2,38735
1750,31135,10,53893
1751,31137,8.7,53607
1752,31139,9.6,50807
1753,31141,10.2,52368
1754,31143,8.9,56618
1755,31145,12.2,44826
1756,31147,14.4,41679
1757,31149,15.2,40870
1758,31151,12,49047
1759,31153,6.3,67740
1760,31155,8.7,61174
1761,31157,15.2,43406
1762,31159,10.2,59053
1763,31161,16,38411
1764,31163,13.8,41224
1765,31165,16.5,48313
1766,31167,8.3,54263
1767,31169,13.1,43938
1768,31171,15.5,43247
1769,31173,30.5,38558
1770,31175,12.3,44105
1771,31177,7.7,66160
1772,31179,13.2,49981
1773,31181,12.4,42305
1774,31183,16,37495
1775,31185,9.8,56687
1776,32000,15.8,51250
1777,32001,13.9,50158
1778,32003,16.3,51071
1779,32005,10.2,56613
1780,32007,9.1,71354
1781,32009,13.8,41075
1782,32011,8.1,66592
1783,32013,10.1,66290
1784,32015,9.8,69658
1785,32017,14.1,44366
1786,32019,15.7,46526
1787,32021,18.3,40496
1788,32023,18.5,42998
1789,32027,21.2,51548
1790,32029,8.2,59785
1791,32031,15.1,53565
1792,32033,13.5,52588
1793,32510,15.4,47476
1794,33000,9,64064
1795,33001,9.3,57568
1796,33003,10.4,50598
1797,33005,11.4,52246
1798,33007,14.8,40917
1799,33009,11.1,55131
1800,33011,9.3,67162
1801,33013,9.1,64068
1802,33015,5.9,74785
1803,33017,9.8,59290
1804,33019,10.4,52114
1805,34000,11.4,70224
1806,34001,17.1,51668
1807,34003,8.1,81615
1808,34005,6.2,76868
1809,34007,14.7,57641
1810,34009,10.8,56520
1811,34011,20.1,45850
1812,34013,17.7,53358
1813,34015,9.4,71137
1814,34017,19.4,55699
1815,34019,4.1,107203
1816,34021,11.8,70575
1817,34023,9.4,76515
1818,34025,7.8,83424
1819,34027,4.9,99950
1820,34029,10.5,59888
1821,34031,16.6,57426
1822,34033,15,58483
1823,34035,5.7,96947
1824,34037,6.1,85747
1825,34039,11.5,64272
1826,34041,8.7,68011
1827,35000,21.4,44026
1828,35001,18.7,48053
1829,35003,21.7,32644
1830,35005,21.2,41388
1831,35006,32.2,36307
1832,35007,20.1,37152
1833,35009,21.1,39186
1834,35011,22,33045
1835,35013,27,36831
1836,35015,15.1,49865
1837,35017,22.4,39220
1838,35019,25.8,29924
1839,35021,15.2,37520
1840,35023,25.7,32993
1841,35025,14.8,53556
1842,35027,18.8,40756
1843,35028,4,110930
1844,35029,31.2,28040
1845,35031,40.3,27790
1846,35033,23.8,29263
1847,35035,21.3,41960
1848,35037,25.8,30496
1849,35039,24.8,36716
1850,35041,24.6,35322
1851,35043,15.3,56190
1852,35045,21.8,44417
1853,35047,32.4,31222
1854,35049,18.1,51697
1855,35051,26.9,29680
1856,35053,27.9,32090
1857,35055,26.2,33021
1858,35057,27.8,35046
1859,35059,20.1,37902
1860,35061,23.4,41412
1861,36000,16,57255
1862,36001,13.7,55778
1863,36003,16.7,41849
1864,36005,30.7,33079
1865,36007,17.7,45142
1866,36009,18.9,40936
1867,36011,14.2,48976
1868,36013,19.1,40468
1869,36015,17,45337
1870,36017,16.8,44328
1871,36019,15.7,45900
1872,36021,11.8,57094
1873,36023,14.6,46163
1874,36025,17.8,43380
1875,36027,9.5,69300
1876,36029,15.1,51123
1877,36031,11.7,46337
1878,36033,22.4,42672
1879,36035,15.7,42264
1880,36037,14.7,42641
1881,36039,13.9,50190
1882,36041,12.1,45737
1883,36043,16.4,42460
1884,36045,15.7,46510
1885,36047,23.3,47067
1886,36049,14.8,45926
1887,36051,15,51901
1888,36053,13.9,51057
1889,36055,15.5,51722
1890,36057,17.3,43880
1891,36059,6.5,95395
1892,36061,19,71443
1893,36063,13.8,46752
1894,36065,17.6,44031
1895,36067,15.3,52055
1896,36069,10,57846
1897,36071,13.6,68249
1898,36073,15.7,43876
1899,36075,18.6,46281
1900,36077,17.1,47689
1901,36079,5.8,92014
1902,36081,15.4,56307
1903,36083,14,56643
1904,36085,13.1,68621
1905,36087,14.8,80132
1906,36089,21.4,43556
1907,36091,7.9,69917
1908,36093,14.2,53978
1909,36095,13.7,49307
1910,36097,17.9,44080
1911,36099,13.1,45265
1912,36101,15.6,46540
1913,36103,7.5,84940
1914,36105,19.4,46928
1915,36107,11.7,51026
1916,36109,18.8,49457
1917,36111,12.7,56933
1918,36113,11.3,52552
1919,36115,15.1,48522
1920,36117,11.4,50603
1921,36119,9.9,83094
1922,36121,11.8,51676
1923,36123,16.5,45509
1924,37000,17.8,45946
1925,37001,19.8,43001
1926,37003,14,46064
1927,37005,21.2,37086
1928,37007,28.8,33443
1929,37009,22.4,35155
1930,37011,20.4,34933
1931,37013,20.5,39043
1932,37015,26.6,31610
1933,37017,27.1,33971
1934,37019,16.1,47799
1935,37021,15.7,45738
1936,37023,20.6,36150
1937,37025,12.1,55046
1938,37027,18.3,34811
1939,37029,9.5,60537
1940,37031,15.2,46227
1941,37033,25.5,37122
1942,37035,16.5,43777
1943,37037,15.6,56981
1944,37039,22.5,34476
1945,37041,22.2,39143
1946,37043,19.3,37078
1947,37045,19.6,40528
1948,37047,25.3,35026
1949,37049,16.6,45022
1950,37051,18,44038
1951,37053,11.7,57577
1952,37055,11.1,52083
1953,37057,19.3,40424
1954,37059,13.9,49708
1955,37061,25.4,38106
1956,37063,17,52331
1957,37065,27.3,33080
1958,37067,20.5,46163
1959,37069,18.4,39312
1960,37071,19.2,42461
1961,37073,18.2,48194
1962,37075,24.7,33553
1963,37077,15.3,48680
1964,37079,23.3,39481
1965,37081,19.2,46093
1966,37083,31.6,32597
1967,37085,18.5,45257
1968,37087,20.4,39320
1969,37089,15.5,44561
1970,37091,24.9,33616
1971,37093,23.2,43987
1972,37095,22.9,36681
1973,37097,12.7,49983
1974,37099,24.2,40511
1975,37101,16.6,50904
1976,37103,20.7,39602
1977,37105,17.9,48061
1978,37107,21.7,34127
1979,37109,14.6,50537
1980,37111,21.9,36840
1981,37113,20.4,37219
1982,37115,19.9,37479
1983,37117,22.6,34761
1984,37119,15.5,54657
1985,37121,18.3,38303
1986,37123,22.1,35613
1987,37125,14.3,50169
1988,37127,16.6,41575
1989,37129,18.9,48651
1990,37131,29,31732
1991,37133,16.9,45213
1992,37135,15.5,59472
1993,37137,19,43517
1994,37139,21.8,40094
1995,37141,18.3,44949
1996,37143,20.9,42504
1997,37145,18.4,42091
1998,37147,25.4,40940
1999,37149,14.7,43665
2000,37151,19.8,40896
2001,37153,27.3,32825
2002,37155,30.7,30248
2003,37157,21.2,40446
2004,37159,18.8,41475
2005,37161,23.9,35544
2006,37163,24.3,35890
2007,37165,34.1,32314
2008,37167,17.7,42801
2009,37169,14.4,44552
2010,37171,21.3,36221
2011,37173,23.2,34552
2012,37175,15.6,40578
2013,37177,27.2,32642
2014,37179,10.3,63912
2015,37181,27.3,35565
2016,37183,10.9,65433
2017,37185,27.2,33767
2018,37187,25.5,31596
2019,37189,27.3,38380
2020,37191,20.8,41526
2021,37193,23.1,35895
2022,37195,20.9,40772
2023,37197,18.9,40998
2024,37199,21.3,35866
2025,38000,11.6,56800
2026,38001,10.2,44833
2027,38003,10.9,52035
2028,38005,30.2,42326
2029,38007,8.2,74636
2030,38009,10,61279
2031,38011,8,60429
2032,38013,9.5,60416
2033,38015,8.3,63503
2034,38017,13.2,53077
2035,38019,8.6,53577
2036,38021,12.2,52414
2037,38023,9,63616
2038,38025,9.6,69914
2039,38027,10,46875
2040,38029,13.9,43438
2041,38031,8.3,55172
2042,38033,11.7,48103
2043,38035,15.1,49697
2044,38037,15.1,45908
2045,38039,9.4,50570
2046,38041,10.5,60171
2047,38043,13.1,47390
2048,38045,9.6,55388
2049,38047,11.9,48520
2050,38049,11.1,49078
2051,38051,15.2,40540
2052,38053,9.9,75699
2053,38055,10.6,53604
2054,38057,7.1,70150
2055,38059,8.3,59650
2056,38061,11.5,65546
2057,38063,9.6,55915
2058,38065,10.4,66082
2059,38067,8.4,53983
2060,38069,12.3,44585
2061,38071,13,49299
2062,38073,8.8,58578
2063,38075,7.6,61533
2064,38077,10.6,54312
2065,38079,29.6,34836
2066,38081,6.5,58672
2067,38083,16.5,43346
2068,38085,37.3,34491
2069,38087,9.1,59852
2070,38089,8.7,69566
2071,38091,7.3,65730
2072,38093,12.1,50941
2073,38095,10.5,55199
2074,38097,9.3,57006
2075,38099,11.2,48301
2076,38101,8.9,56192
2077,38103,10.3,54251
2078,38105,7.8,84237
2079,39000,15.9,48138
2080,39001,24.1,37259
2081,39003,16.1,43274
2082,39005,12.9,48196
2083,39007,18.9,40899
2084,39009,31,35783
2085,39011,9.7,54010
2086,39013,16.8,39264
2087,39015,17.8,43050
2088,39017,13.3,55992
2089,39019,15.5,44622
2090,39021,12,48516
2091,39023,18.2,44029
2092,39025,9.7,61398
2093,39027,17.3,46541
2094,39029,17.8,41996
2095,39031,14.4,39496
2096,39033,18.2,38421
2097,39035,19.2,43653
2098,39037,14.6,43465
2099,39039,11.4,48971
2100,39041,5.6,89016
2101,39043,15,46495
2102,39045,11.8,56697
2103,39047,17.9,40031
2104,39049,17.7,51456
2105,39051,10.8,51454
2106,39053,20.3,39447
2107,39055,7.4,69078
2108,39057,12.8,60093
2109,39059,22.6,39760
2110,39061,18.7,47123
2111,39063,12.6,48729
2112,39065,15.7,42474
2113,39067,16.5,40343
2114,39069,11.2,51105
2115,39071,21.2,40419
2116,39073,16.2,42376
2117,39075,12.4,49118
2118,39077,14.6,44825
2119,39079,21.4,37823
2120,39081,18.4,38074
2121,39083,14.5,47053
2122,39085,9.4,55477
2123,39087,20.6,41137
2124,39089,11.2,54909
2125,39091,13.2,50077
2126,39093,14.6,52762
2127,39095,21.6,40751
2128,39097,12.2,54039
2129,39099,18,41076
2130,39101,16.3,42862
2131,39103,6.6,66720
2132,39105,20.6,40023
2133,39107,9.4,55110
2134,39109,10.1,51892
2135,39111,16.7,41000
2136,39113,18.8,43103
2137,39115,22.8,36057
2138,39117,13.3,49980
2139,39119,20.6,40399
2140,39121,17.3,42425
2141,39123,10.4,51787
2142,39125,12.3,46921
2143,39127,17.8,41586
2144,39129,13.6,52666
2145,39131,24.3,41092
2146,39133,16.9,52576
2147,39135,13.1,47251
2148,39137,7.2,60562
2149,39139,17.6,40210
2150,39141,19.4,42730
2151,39143,12.9,46800
2152,39145,24.5,36682
2153,39147,13.9,47121
2154,39149,10,51529
2155,39151,15.4,45199
2156,39153,14.8,49353
2157,39155,18.7,41951
2158,39157,14.3,44121
2159,39159,7.8,68650
2160,39161,13.3,47169
2161,39163,22.2,37842
2162,39165,7.3,75041
2163,39167,16.3,41236
2164,39169,13.1,49580
2165,39171,12.1,45510
2166,39173,13,52578
2167,39175,11.2,46568
2168,40000,16.7,45724
2169,40001,30.4,31997
2170,40003,15.9,50190
2171,40005,20.8,34973
2172,40007,10.4,55279
2173,40009,15.9,49578
2174,40011,16.8,41276
2175,40013,19.2,36601
2176,40015,21.1,37298
2177,40017,7.3,63889
2178,40019,17.3,43030
2179,40021,22,36643
2180,40023,27.3,30972
2181,40025,17.5,39617
2182,40027,12.7,54865
2183,40029,18.1,35538
2184,40031,20.2,42733
2185,40033,16.1,40608
2186,40035,19.9,36932
2187,40037,14.9,44608
2188,40039,15.1,47399
2189,40041,22,36225
2190,40043,12.4,49308
2191,40045,11.9,49804
2192,40047,13.7,47961
2193,40049,19.8,38414
2194,40051,13,48671
2195,40053,12.4,51119
2196,40055,21.7,34806
2197,40057,23.5,31707
2198,40059,10.1,45395
2199,40061,22.3,35045
2200,40063,22.5,34656
2201,40065,17.3,41147
2202,40067,21.7,31916
2203,40069,20.5,35171
2204,40071,19.6,41098
2205,40073,10.4,54982
2206,40075,21.5,34611
2207,40077,19.2,36177
2208,40079,24.3,35122
2209,40081,15.8,42378
2210,40083,12.8,57490
2211,40085,14.7,46154
2212,40087,10,57784
2213,40089,25.4,31319
2214,40091,18.8,38094
2215,40093,12,52226
2216,40095,19.2,38055
2217,40097,20,41142
2218,40099,15.1,49816
2219,40101,19.9,38574
2220,40103,13.4,47028
2221,40105,18.2,40563
2222,40107,25.3,34982
2223,40109,17.5,45988
2224,40111,19.7,36588
2225,40113,14,49999
2226,40115,22.6,35921
2227,40117,15.4,42967
2228,40119,23,39609
2229,40121,18.1,41105
2230,40123,20.5,40479
2231,40125,19,44405
2232,40127,24.4,32352
2233,40129,12.2,53962
2234,40131,9.2,55865
2235,40133,23.7,34731
2236,40135,25,33912
2237,40137,15.9,45607
2238,40139,13.7,46914
2239,40141,22.1,35054
2240,40143,15.7,48082
2241,40145,11.5,53098
2242,40147,13.8,46836
2243,40149,15.6,46742
2244,40151,14.4,48583
2245,40153,14.6,54158
2246,41000,16.5,50228
2247,41001,14.5,42200
2248,41003,20.8,50714
2249,41005,9.7,66514
2250,41007,16.7,43048
2251,41009,11.8,55222
2252,41011,19.6,37583
2253,41013,17.4,43343
2254,41015,18.7,37175
2255,41017,15.2,49427
2256,41019,19.5,40243
2257,41021,11.9,50027
2258,41023,18,40569
2259,41025,18.1,37041
2260,41027,14.8,50891
2261,41029,18.7,43393
2262,41031,21.8,41107
2263,41033,19.4,37619
2264,41035,18.2,37542
2265,41037,20.9,37856
2266,41039,21.1,43778
2267,41041,20.1,39801
2268,41043,19,44941
2269,41045,29.4,34565
2270,41047,18.8,46919
2271,41049,16.8,51289
2272,41051,18.2,53624
2273,41053,18.3,51224
2274,41055,17.1,52679
2275,41057,16.6,41584
2276,41059,17.1,47053
2277,41061,19.4,41331
2278,41063,15.1,42751
2279,41065,17.2,42461
2280,41067,10.9,63632
2281,41069,22.6,33065
2282,41071,14.3,57427
2283,42000,13.7,52005
2284,42001,9.5,57725
2285,42003,13.5,51400
2286,42005,14.7,42927
2287,42007,11.3,49215
2288,42009,13.5,48003
2289,42011,14,55634
2290,42013,16.2,41756
2291,42015,13.5,49117
2292,42017,6.4,73662
2293,42019,9.4,58430
2294,42021,16.2,40930
2295,42023,14.6,37891
2296,42025,14.1,44338
2297,42027,18.4,52559
2298,42029,7,83775
2299,42031,18.7,40043
2300,42033,16.5,39912
2301,42035,14.2,44887
2302,42037,17.1,45564
2303,42039,14.4,43793
2304,42041,8.6,60134
2305,42043,13.8,53480
2306,42045,10.9,64186
2307,42047,9.8,46388
2308,42049,17.9,44223
2309,42051,19.2,37929
2310,42053,24.5,38087
2311,42055,11.8,53913
2312,42057,12.5,46032
2313,42059,16.3,45156
2314,42061,14.8,42479
2315,42063,14.7,44504
2316,42065,15.5,41637
2317,42067,11.8,46183
2318,42069,14.8,44926
2319,42071,10.5,56766
2320,42073,13.8,43199
2321,42075,11.2,54952
2322,42077,14.2,53722
2323,42079,16.1,44734
2324,42081,14,46663
2325,42083,19,41653
2326,42085,14.1,43936
2327,42087,14.5,42567
2328,42089,12,55273
2329,42091,6.8,77021
2330,42093,10.3,53329
2331,42095,10.1,59605
2332,42097,14.7,41078
2333,42099,10.2,56544
2334,42101,26,36918
2335,42103,10.4,60168
2336,42105,15.4,39781
2337,42107,13.6,41514
2338,42109,12,45558
2339,42111,12.7,42712
2340,42113,14.3,41668
2341,42115,14.4,49244
2342,42117,13.2,45052
2343,42119,13.5,49488
2344,42121,15.8,41736
2345,42123,14.2,42043
2346,42125,10.9,54919
2347,42127,11.8,45807
2348,42129,10.7,51412
2349,42131,11.3,47012
2350,42133,10.8,56963
2351,44000,14.7,55015
2352,44001,8.2,68415
2353,44003,8.1,63232
2354,44005,10.1,67291
2355,44007,18.6,47642
2356,44009,9.6,69267
2357,45000,18.5,44310
2358,45001,20.3,36187
2359,45003,18.3,43876
2360,45005,42.4,25753
2361,45007,16.7,41591
2362,45009,30.7,30762
2363,45011,25,31899
2364,45013,14.1,56354
2365,45015,15.7,50794
2366,45017,19.7,40593
2367,45019,17.4,51206
2368,45021,24.3,37726
2369,45023,21.6,36523
2370,45025,26.5,33591
2371,45027,27.3,30096
2372,45029,24,33817
2373,45031,28.2,34209
2374,45033,27.1,33696
2375,45035,13.3,55193
2376,45037,19.7,44862
2377,45039,23.1,35531
2378,45041,20.1,41028
2379,45043,21.3,41213
2380,45045,16.2,49476
2381,45047,25.6,37217
2382,45049,27.3,32941
2383,45051,19.1,41808
2384,45053,27.2,34852
2385,45055,16.3,44787
2386,45057,18.8,40837
2387,45059,23,36771
2388,45061,32.8,30972
2389,45063,12.8,53880
2390,45065,21.9,38186
2391,45067,30.7,28520
2392,45069,31.3,31185
2393,45071,19.8,37890
2394,45073,16.8,42077
2395,45075,25.7,32180
2396,45077,18.7,42400
2397,45079,18.6,47492
2398,45081,22.1,40366
2399,45083,18.7,42638
2400,45085,20.8,39182
2401,45087,18.7,34042
2402,45089,33.4,29391
2403,45091,12.7,54927
2404,46000,14,49200
2405,46003,10.8,46493
2406,46005,16.5,43682
2407,46007,35.5,35083
2408,46009,14.9,45803
2409,46011,13.6,51893
2410,46013,10.6,50047
2411,46015,13.9,45878
2412,46017,41,21572
2413,46019,14.3,41413
2414,46021,9.8,47579
2415,46023,24.3,37996
2416,46025,12,45592
2417,46027,20.8,41970
2418,46029,10.1,49022
2419,46031,43,31418
2420,46033,10.8,51326
2421,46035,12.6,47506
2422,46037,14.3,44188
2423,46039,9.2,52527
2424,46041,28.7,34389
2425,46043,11,48344
2426,46045,10.9,51352
2427,46047,14.6,39552
2428,46049,11.6,50092
2429,46051,10.5,51065
2430,46053,17.6,35589
2431,46055,12.2,45456
2432,46057,10.3,56860
2433,46059,9.3,50737
2434,46061,8.9,57800
2435,46063,11.7,43860
2436,46065,10.3,57538
2437,46067,13.1,44958
2438,46069,11,47072
2439,46071,30.2,35387
2440,46073,14.5,48126
2441,46075,13.4,45095
2442,46077,9.7,50045
2443,46079,12.3,53116
2444,46081,14.9,42867
2445,46083,4.3,78567
2446,46085,21.7,40057
2447,46087,9.6,53478
2448,46089,14.9,38222
2449,46091,12.5,49254
2450,46093,10.6,50711
2451,46095,32.7,33460
2452,46097,12.2,45787
2453,46099,11,52382
2454,46101,10.9,53712
2455,46103,15.4,48886
2456,46105,14.4,40042
2457,46107,10.3,50887
2458,46109,19.7,44626
2459,46111,13.1,46936
2460,46113,55.1,28512
2461,46115,11.3,50274
2462,46117,8.8,57188
2463,46119,6.3,57620
2464,46121,44,30549
2465,46123,19.6,40975
2466,46125,10.6,53115
2467,46127,7,66831
2468,46129,14.5,41030
2469,46135,13,46599
2470,46137,48.7,30465
2471,47000,17.8,44268
2472,47001,19.7,42365
2473,47003,18.6,42288
2474,47005,21.3,35559
2475,47007,25.5,35715
2476,47009,14.9,45348
2477,47011,18.6,42665
2478,47013,23.9,32325
2479,47015,18.3,40809
2480,47017,19.9,35929
2481,47019,23,32773
2482,47021,13.3,52544
2483,47023,19.4,40779
2484,47025,22.9,32775
2485,47027,24.8,30587
2486,47029,24.7,30950
2487,47031,19.8,43375
2488,47033,19.3,37085
2489,47035,18.2,36163
2490,47037,17.8,47239
2491,47039,24.1,36213
2492,47041,21.9,37392
2493,47043,15,44991
2494,47045,18.7,40158
2495,47047,14.7,56058
2496,47049,22.6,31065
2497,47051,19,41477
2498,47053,18,40083
2499,47055,17.8,39880
2500,47057,19,35301
2501,47059,19.6,35980
2502,47061,28.9,26101
2503,47063,20.5,38807
2504,47065,16.9,47373
2505,47067,31.5,26000
2506,47069,24.7,34766
2507,47071,24.1,36154
2508,47073,21.2,36102
2509,47075,23.1,34557
2510,47077,19.4,40960
2511,47079,20.8,37327
2512,47081,23.2,33816
2513,47083,20.2,37743
2514,47085,17,41954
2515,47087,26.3,33158
2516,47089,16.4,40490
2517,47091,28.1,30652
2518,47093,16.3,49105
2519,47095,39,28391
2520,47097,27.7,32169
2521,47099,17.9,39532
2522,47101,21.3,35097
2523,47103,18,41453
2524,47105,14.2,53230
2525,47107,16.9,40543
2526,47109,19.4,34596
2527,47111,21.3,35432
2528,47113,21.1,40750
2529,47115,16.4,42128
2530,47117,14.6,42363
2531,47119,13.8,46497
2532,47121,19.7,37874
2533,47123,19.7,38061
2534,47125,14.9,51059
2535,47127,13.1,50802
2536,47129,24,38027
2537,47131,20.4,34469
2538,47133,20.4,35457
2539,47135,22.2,33017
2540,47137,19.5,32398
2541,47139,19.7,37375
2542,47141,26.7,35554
2543,47143,19.6,38860
2544,47145,18.1,42037
2545,47147,12.1,51093
2546,47149,12.3,57056
2547,47151,29.5,27749
2548,47153,18.1,46460
2549,47155,16.5,40444
2550,47157,21.6,45067
2551,47159,16.9,43689
2552,47161,17.2,43513
2553,47163,18,40385
2554,47165,11,56077
2555,47167,14.4,53183
2556,47169,17,41286
2557,47171,17.6,36568
2558,47173,22.1,35255
2559,47175,17.7,37393
2560,47177,20.3,36327
2561,47179,17.7,41542
2562,47181,22,33318
2563,47183,21,34809
2564,47185,19.7,34320
2565,47187,5.5,93241
2566,47189,10.8,59655
2567,48000,17.5,51714
2568,48001,22.4,41279
2569,48003,11.4,62781
2570,48005,21.5,41804
2571,48007,20.7,41666
2572,48009,10.1,56805
2573,48011,11,52122
2574,48013,17.8,46631
2575,48015,13.6,52042
2576,48017,19.9,37626
2577,48019,16.2,50334
2578,48021,18.7,50151
2579,48023,19.5,34563
2580,48025,25.1,41804
2581,48027,15.1,50223
2582,48029,17.4,49655
2583,48031,12.7,54914
2584,48033,10.5,60443
2585,48035,17,42864
2586,48037,21.4,41657
2587,48039,11.8,66337
2588,48041,27.6,39732
2589,48043,14.9,39106
2590,48045,17.4,40235
2591,48047,31.9,27644
2592,48049,18.6,38636
2593,48051,17.5,45732
2594,48053,14.9,49286
2595,48055,17.2,46021
2596,48057,18.1,51004
2597,48059,14.3,42138
2598,48061,32.4,33905
2599,48063,18.1,37941
2600,48065,8.5,59252
2601,48067,21.8,37546
2602,48069,19.6,40689
2603,48071,10.5,74915
2604,48073,23.6,37735
2605,48075,25.5,33919
2606,48077,13,50336
2607,48079,23.6,37242
2608,48081,14.4,38866
2609,48083,22.8,33014
2610,48085,7.9,81315
2611,48087,21.4,35389
2612,48089,16.9,42438
2613,48091,10.5,70322
2614,48093,20.3,35434
2615,48095,26.9,39035
2616,48097,15.5,53565
2617,48099,14.8,50161
2618,48101,21.9,32292
2619,48103,10.1,58901
2620,48105,13.9,50243
2621,48107,27.3,35443
2622,48109,24.7,32945
2623,48111,14.1,42378
2624,48113,19.5,47902
2625,48115,23.8,38333
2626,48117,21.5,37991
2627,48119,19.2,37985
2628,48121,8.9,75099
2629,48123,18.5,45937
2630,48125,23.2,35491
2631,48127,27,35801
2632,48129,19.7,34861
2633,48131,25.6,35118
2634,48133,17.3,39959
2635,48135,15.3,53752
2636,48137,23,35339
2637,48139,13.1,59257
2638,48141,22.7,39748
2639,48143,21.8,40346
2640,48145,25.2,34376
2641,48147,19,42392
2642,48149,11.2,50938
2643,48151,17.2,40691
2644,48153,20.5,36534
2645,48155,17.8,33484
2646,48157,8.9,87901
2647,48159,18.3,41497
2648,48161,16.3,44408
2649,48163,31,35405
2650,48165,15.1,49661
2651,48167,14.2,60210
2652,48169,28.2,47134
2653,48171,13,50443
2654,48173,9.4,65789
2655,48175,14.9,48458
2656,48177,22,37051
2657,48179,14.9,48623
2658,48181,16.4,44596
2659,48183,17,46501
2660,48185,19.5,44486
2661,48187,11,59288
2662,48189,22.3,39209
2663,48191,21.9,30380
2664,48193,17.9,39448
2665,48195,12.3,52207
2666,48197,18.7,36726
2667,48199,12,52037
2668,48201,18.4,52533
2669,48203,18.7,43777
2670,48205,10.1,64558
2671,48207,23.5,34473
2672,48209,14.3,59260
2673,48211,8.1,69124
2674,48213,21.8,39069
2675,48215,34,34607
2676,48217,17.9,40253
2677,48219,17.7,50047
2678,48221,14.1,59053
2679,48223,18.7,41863
2680,48225,24.8,34777
2681,48227,17.9,46636
2682,48229,32,31354
2683,48231,17.9,44361
2684,48233,15.5,50060
2685,48235,8.8,58826
2686,48237,17,50168
2687,48239,12.7,48338
2688,48241,20.8,39414
2689,48243,13,44234
2690,48245,22.7,42099
2691,48247,24,35854
2692,48249,22.4,41249
2693,48251,12.9,55960
2694,48253,24.7,40621
2695,48255,23.2,43413
2696,48257,11.7,61004
2697,48259,8.5,75860
2698,48261,18.6,38088
2699,48263,14.7,41038
2700,48265,15.9,42456
2701,48267,21.6,38019
2702,48269,9.8,56680
2703,48271,19.3,41271
2704,48273,23.9,39261
2705,48275,21.9,34419
2706,48277,18.3,37593
2707,48279,20.9,36717
2708,48281,14.8,48746
2709,48283,27.5,35491
2710,48285,12.5,43827
2711,48287,13.6,52088
2712,48289,16.7,43617
2713,48291,20.3,46176
2714,48293,21.4,36537
2715,48295,10.8,56484
2716,48297,17.6,49726
2717,48299,15.5,45669
2718,48301,12.6,44407
2719,48303,17.8,46223
2720,48305,19.5,37678
2721,48307,21.2,38408
2722,48309,20.9,41066
2723,48311,8.7,56686
2724,48313,22.9,37460
2725,48315,24.4,36090
2726,48317,13,50004
2727,48319,15.2,42087
2728,48321,20.4,42036
2729,48323,24.4,32073
2730,48325,18,53714
2731,48327,23.7,31390
2732,48329,10.5,71151
2733,48331,17.4,40120
2734,48333,17.2,40318
2735,48335,22.3,47677
2736,48337,15.9,41516
2737,48339,11.8,69317
2738,48341,14.9,46991
2739,48343,21,36366
2740,48345,19.6,37159
2741,48347,26.4,36775
2742,48349,23.3,38423
2743,48351,19.4,38544
2744,48353,21.5,35846
2745,48355,18.2,48324
2746,48357,10.6,60650
2747,48359,14.2,52431
2748,48361,15.1,51340
2749,48363,17.6,39660
2750,48365,13.3,49792
2751,48367,11.8,61199
2752,48369,14.9,41784
2753,48371,18.1,43766
2754,48373,18.3,39833
2755,48375,22.1,37366
2756,48377,23.3,32766
2757,48379,18,42183
2758,48381,11,60439
2759,48383,9.9,61724
2760,48385,21.6,34556
2761,48387,19.7,31409
2762,48389,27.4,37053
2763,48391,16.1,45214
2764,48393,8.7,70127
2765,48395,22.8,40631
2766,48397,6.6,92466
2767,48399,18.7,36769
2768,48401,21.5,44349
2769,48403,18,37576
2770,48405,23.4,32140
2771,48407,22.8,42320
2772,48409,16.2,46781
2773,48411,22.7,36030
2774,48413,13.7,50402
2775,48415,15,53219
2776,48417,14.7,51116
2777,48419,21,36565
2778,48421,12.6,48054
2779,48423,16.8,47711
2780,48425,11.5,56282
2781,48427,36.3,25408
2782,48429,19.9,43779
2783,48431,12.9,57266
2784,48433,15.8,42158
2785,48435,13,59098
2786,48437,21,35601
2787,48439,15.2,56906
2788,48441,17,44081
2789,48443,18.6,36712
2790,48445,22.4,37489
2791,48447,15.1,41582
2792,48449,20.8,40501
2793,48451,14.5,45405
2794,48453,15.9,60372
2795,48455,20.9,33447
2796,48457,20.9,40986
2797,48459,18.1,46489
2798,48461,13.8,54549
2799,48463,24.8,35813
2800,48465,23.9,38645
2801,48467,16.2,43220
2802,48469,15.8,51544
2803,48471,25.5,40092
2804,48473,19.4,49326
2805,48475,13.7,51026
2806,48477,14.2,49472
2807,48479,30.6,38652
2808,48481,18.7,42862
2809,48483,13.1,51922
2810,48485,19.5,43473
2811,48487,17.5,37840
2812,48489,43.1,28945
2813,48491,7.8,71252
2814,48493,11.3,60844
2815,48495,14.5,54294
2816,48497,11.3,58392
2817,48499,15.7,45763
2818,48501,12.6,57995
2819,48503,18.2,44372
2820,48505,29.5,34506
2821,48507,33.4,25291
2822,49000,12.6,59715
2823,49001,10.6,46138
2824,49003,10.4,60372
2825,49005,14.2,49556
2826,49007,16.1,44594
2827,49009,7.5,53080
2828,49011,8.2,70456
2829,49013,10.5,61386
2830,49015,13,52070
2831,49017,12,43798
2832,49019,14.8,42368
2833,49021,19.4,43439
2834,49023,12.3,51942
2835,49025,12.3,46350
2836,49027,13.7,51424
2837,49029,5.4,83496
2838,49031,21.8,37897
2839,49033,11.2,54640
2840,49035,12.7,61716
2841,49037,27.6,40327
2842,49039,18.2,45338
2843,49041,13.7,49877
2844,49043,7.6,81907
2845,49045,9.1,59400
2846,49047,10.8,62028
2847,49049,13.8,60069
2848,49051,8.2,64423
2849,49053,15.4,50378
2850,49055,15.9,38945
2851,49057,13.3,54055
2852,50000,12.3,52511
2853,50001,10.5,54683
2854,50003,15.1,48290
2855,50005,14.3,43011
2856,50007,10.1,62618
2857,50009,18.1,36140
2858,50011,11.8,55912
2859,50013,9.7,57559
2860,50015,12.3,46742
2861,50017,13,51348
2862,50019,15,40522
2863,50021,13.5,45757
2864,50023,12.6,52619
2865,50025,14.7,46642
2866,50027,11.2,51218
2867,51000,11.7,62745
2868,51001,19.3,38064
2869,51003,9.5,70032
2870,51005,13.7,44983
2871,51007,12.1,52055
2872,51009,14.2,47268
2873,51011,16.2,44062
2874,51013,8.5,101533
2875,51015,8.9,54834
2876,51017,11.7,42951
2877,51019,8.9,56888
2878,51021,15,41939
2879,51023,7.4,61005
2880,51025,21.7,37800
2881,51027,24.4,31621
2882,51029,22.8,39538
2883,51031,13.3,47982
2884,51033,14.5,55760
2885,51035,16.5,36218
2886,51036,12.2,48394
2887,51037,19.7,35715
2888,51041,8,67454
2889,51043,7.9,74384
2890,51045,12.9,45527
2891,51047,10.1,63876
2892,51049,18.2,41799
2893,51051,21.8,33386
2894,51053,14.5,51864
2895,51057,15.5,44427
2896,51059,6,110658
2897,51061,7,82705
2898,51063,14.2,41652
2899,51065,8.2,63117
2900,51067,14.4,48070
2901,51069,7.9,68166
2902,51071,13.3,43504
2903,51073,10.6,58824
2904,51075,7.5,76843
2905,51077,18.3,33302
2906,51079,11.5,59730
2907,51081,26.3,38036
2908,51083,22.2,35553
2909,51085,5.6,77316
2910,51087,11.3,60050
2911,51089,18.5,36066
2912,51091,14.6,38314
2913,51093,10.6,62495
2914,51095,7.5,75806
2915,51097,13.4,44697
2916,51099,7.9,78180
2917,51101,9.1,61183
2918,51103,15.2,46578
2919,51105,29,32092
2920,51107,3.8,117680
2921,51109,11.7,53170
2922,51111,21.4,37712
2923,51113,12.7,51805
2924,51115,10.5,55128
2925,51117,17.1,38439
2926,51119,15.5,47399
2927,51121,23.4,46024
2928,51125,15.8,45990
2929,51127,6.7,72150
2930,51131,22.4,36211
2931,51133,16.1,49054
2932,51135,23.5,34805
2933,51137,10.4,60829
2934,51139,15.3,41070
2935,51141,19.4,34654
2936,51143,15.2,40608
2937,51145,7.7,74820
2938,51147,23.5,39077
2939,51149,12.9,65625
2940,51153,7,93671
2941,51155,15.7,43555
2942,51157,10.3,60945
2943,51159,20.3,42738
2944,51161,7.7,57663
2945,51163,13.6,46882
2946,51165,9.6,55636
2947,51167,18.8,36107
2948,51169,18.4,38336
2949,51171,11.6,47874
2950,51173,17.3,37475
2951,51175,16.7,46547
2952,51177,7.7,73112
2953,51179,6.4,93014
2954,51181,13.6,50554
2955,51183,24,38948
2956,51185,17.5,38336
2957,51187,12,56291
2958,51191,14.9,42242
2959,51193,15.3,45927
2960,51195,19.3,37490
2961,51197,15.1,41168
2962,51199,6,78327
2963,51510,8.8,85562
2964,51515,20.2,38162
2965,51520,21.6,35167
2966,51530,17.2,36915
2967,51540,22.9,45320
2968,51550,9.6,66516
2969,51570,10.8,49715
2970,51580,16.9,33904
2971,51590,25,30940
2972,51595,26,32676
2973,51600,7.3,89507
2974,51610,3,117452
2975,51620,21.9,36326
2976,51630,17.5,48152
2977,51640,22.8,33737
2978,51650,15.6,45293
2979,51660,29.3,37588
2980,51670,22.6,39440
2981,51678,24.3,41521
2982,51680,22.6,39918
2983,51683,10.1,70133
2984,51685,8.4,71742
2985,51690,25.8,31046
2986,51700,17.5,47421
2987,51710,23.3,42949
2988,51720,22,32303
2989,51730,28.1,32623
2990,51735,5.5,82815
2991,51740,20.9,43041
2992,51750,31.3,34635
2993,51760,25.4,39249
2994,51770,23.3,37223
2995,51775,10.1,47837
2996,51790,15.8,39712
2997,51800,11.5,59468
2998,51810,9,62509
2999,51820,16.7,42434
3000,51830,21.1,47880
3001,51840,14.1,43943
3002,53000,14.1,58431
3003,53001,17.6,45171
3004,53003,16.8,42842
3005,53005,13.2,59264
3006,53007,16,50033
3007,53009,17.5,46531
3008,53011,12.6,57886
3009,53013,17,42332
3010,53015,15.9,48447
3011,53017,14.4,49293
3012,53019,22.1,38302
3013,53021,17.1,52720
3014,53023,15.1,46157
3015,53025,18.4,46065
3016,53027,19.4,41791
3017,53029,10.9,53306
3018,53031,13.6,47709
3019,53033,12.4,71779
3020,53035,11.4,62516
3021,53037,19,47287
3022,53039,15.9,47960
3023,53041,18.9,41325
3024,53043,14.1,47895
3025,53045,18.2,46886
3026,53047,21.7,39014
3027,53049,19,35703
3028,53051,18.8,44882
3029,53053,14.1,57619
3030,53055,10.4,56667
3031,53057,16.3,52525
3032,53059,13,52967
3033,53061,11.2,67443
3034,53063,17,47577
3035,53065,16.5,43675
3036,53067,12.5,59877
3037,53069,14.9,46659
3038,53071,17.3,46294
3039,53073,16.4,51119
3040,53075,26.4,42702
3041,53077,21.1,41918
3042,54000,18.4,41195
3043,54001,21.4,35558
3044,54003,13.2,54010
3045,54005,22.5,38098
3046,54007,22.3,35296
3047,54009,14.7,43719
3048,54011,23.4,37628
3049,54013,21,31946
3050,54015,23.6,32640
3051,54017,18.1,39399
3052,54019,22.6,33720
3053,54021,31.1,35344
3054,54023,16.7,38268
3055,54025,17.7,37218
3056,54027,16.9,37444
3057,54029,14.6,40249
3058,54031,18,36053
3059,54033,16.1,42197
3060,54035,18.1,38640
3061,54037,11.3,64916
3062,54039,15.3,45858
3063,54041,17.4,38462
3064,54043,23.7,35524
3065,54045,22.2,35773
3066,54047,36.5,25205
3067,54049,15.3,41705
3068,54051,16.9,41583
3069,54053,22.3,36454
3070,54055,26.7,34320
3071,54057,16.4,38320
3072,54059,24.9,32431
3073,54061,19.2,47281
3074,54063,17.3,36787
3075,54065,15.4,42719
3076,54067,18.6,38451
3077,54069,15.3,41009
3078,54071,18,36868
3079,54073,15,43172
3080,54075,19.2,32199
3081,54077,17,42187
3082,54079,11,56102
3083,54081,20.2,39998
3084,54083,18.5,35458
3085,54085,19.1,38147
3086,54087,23.1,35982
3087,54089,22.6,31051
3088,54091,17.2,38720
3089,54093,16.3,37591
3090,54095,17.9,39401
3091,54097,20.6,37676
3092,54099,20,38676
3093,54101,27.1,31805
3094,54103,19.7,39444
3095,54105,21.3,37132
3096,54107,17.9,41205
3097,54109,24.3,34525
3098,55000,13.5,51474
3099,55001,15.1,43814
3100,55003,18.1,37909
3101,55005,13.5,44086
3102,55007,13.9,45466
3103,55009,12.1,51956
3104,55011,12,48418
3105,55013,14.3,41388
3106,55015,6.4,66657
3107,55017,11.5,49491
3108,55019,14.5,42477
3109,55021,9.2,57613
3110,55023,14.3,41598
3111,55025,13.7,60326
3112,55027,9.4,51623
3113,55029,10.1,51761
3114,55031,17.3,43417
3115,55033,14.9,50425
3116,55035,13.7,49345
3117,55037,13.5,44139
3118,55039,9.1,54649
3119,55041,18.1,40153
3120,55043,17.2,45854
3121,55045,10.7,55732
3122,55047,13.9,44184
3123,55049,11,53186
3124,55051,15.3,37412
3125,55053,16,46442
3126,55055,10.6,52399
3127,55057,14.8,45167
3128,55059,15.8,51929
3129,55061,10,52954
3130,55063,14.8,51324
3131,55065,11.7,46422
3132,55067,16.1,42025
3133,55069,12.4,47721
3134,55071,10.7,47835
3135,55073,11.1,51830
3136,55075,14.3,41446
3137,55077,11.5,47760
3138,55078,38.8,32769
3139,55079,22.4,42058
3140,55081,14.2,51411
3141,55083,9.7,52800
3142,55085,11.6,46773
3143,55087,8.6,57124
3144,55089,6,74392
3145,55091,12.7,50728
3146,55093,10.6,60824
3147,55095,10.5,49138
3148,55097,13.8,51587
3149,55099,15.5,43004
3150,55101,13.3,54403
3151,55103,15.7,43635
3152,55105,14.3,49157
3153,55107,18.5,37350
3154,55109,6.3,69641
3155,55111,12,50923
3156,55113,17.6,40608
3157,55115,14.2,45953
3158,55117,11,52106
3159,55119,13.8,45985
3160,55121,9.9,50953
3161,55123,13.9,47063
3162,55125,14.4,40454
3163,55127,12.9,52610
3164,55129,13.6,43588
3165,55131,7,67276
3166,55133,5.8,75652
3167,55135,12.3,48056
3168,55137,13.1,43175
3169,55139,12.6,50469
3170,55141,11.7,48723
3171,56000,10.9,58424
3172,56001,20.2,42443
3173,56003,11.2,49052
3174,56005,7.5,81652
3175,56007,14.2,54210
3176,56009,9.4,62438
3177,56011,7.8,59490
3178,56013,15.3,51920
3179,56015,16.3,43311
3180,56017,12.5,42694
3181,56019,8.7,51521
3182,56021,10.2,59712
3183,56023,8.9,67256
3184,56025,10.1,57701
3185,56027,15,43994
3186,56029,10,50967
3187,56031,10.9,48621
3188,56033,10.1,51628
3189,56035,6.3,74951
3190,56037,8.7,72899
3191,56039,7.7,70201
3192,56041,12,60953
3193,56043,11.3,50740
3194,56045,9.9,59314
